"	brewery names	business type	address	city	zip	lat	long	yelp rating	number of yelp reviews",
"0	10 Barrel Brewing - San Diego	Breweries	1501 E St	San Diego	92101	32.7145590497446	-117.150228582323	4.5	364",
"1	101 North Brewing Company	Breweries	1304 Scott St	Petaluma California	94954	38.26995	-122.66493	4.0	64",
"2	13 Point Brewing Company	Breweries	8035 Broadway	Lemon Grove	91945	32.742786	-117.02491	4.5	35",
"3	14 Cannons	Breweries	31125 Via Colinas	Westlake Village	91362	34.1535538	-118.8031695	4.5	75",
"4	Latchkey Brewing Company	Breweries	1795 Hancock St	San Diego	92110	32.7424694	-117.1846678	5.0	24",
"5	Grass Valley Brewing Company	Breweries	141 E Main St	Grass Valley	95945	39.2193141616587	-121.060496717691	4.5	22",
"6	The Alley	Pubs	5027 Central Yosemite Hwy	Mariposa	95338	37.4846406306075	-119.965309241611	5.0	42",
"7	21st Amendment Brewery	Breweries	2010 Williams St	San Leandro	94577	37.7120399	-122.1776428	4.0	260",
"8	21st Amendment Brewery	Brewpubs	563 2nd St	San Francisco	94107	37.78253	-122.39249	3.5	2433",
"9	2kids Brewing Co	Breweries	8680 Miralani Dr	San Diego	92126	32.896564	-117.137428	4.0	86",
"10	3 Disciples Brewing	Breweries	501 Mendocino Ave	Santa Rosa	95401	38.44193	-122.71558	4.5	28",
"11	3 Iron Brewing Company	Breweries	898 Via Lata	Colton	92324	34.055908203125	-117.306198120117	5.0	50",
"12	32 North Brewing Co	Breweries	8655 Production Ave	San Diego	92121	32.8827438354492	-117.164985656738	4.5	171",
"13	47 Hills Brewing Company	Breweries	137 S Linden Ave	South San Francisco	94080	37.644218	-122.413452	4.5	159",
"14	The Brass Tap	Pubs	5150 Commons Dr	Rocklin	95677	38.800931	-121.208931	3.5	140",
"15	559 Beer	Breweries	356 Pollasky Ave	Clovis	93612	36.825516	-119.702201	4.0	65",
"16	6th & La Brea Brewery & Restaurant	Breweries	600 S La Brea Ave	Los Angeles	90036	34.06469	-118.34368	4.0	266",
"17	Tap It Brewing	Breweries	675 Clarion Ct	San Luis Obispo	93401	35.24409	-120.64595	4.5	100",
"18	8 Bit Brewing Company	American (New)	26755 Jefferson Ave	Murrieta	92562	33.530025	-117.176475	4.5	605",
"19	8one8 Brewing	Breweries	8951 De Soto Ave	Canoga Park	91304	34.2333572	-118.5886849	4.5	55",
"20	927 Beer Company	Breweries	821 Cornwall St	Cambria	93428	35.5666732788086	-121.098457336426	4.5	157",
"21	Abnormal Beer Company	Breweries	16990 Via Tazon	San Diego	92127	33.02385	-117.08575	5.0	6",
"22	Absolution Brewing Company	Breweries	2878 Columbia St	Torrance	90503	33.8431071994591	-118.337961758885	4.0	283",
"23	The Rake at Admiral Maltings	Beer Bar	651A W Tower Ave	Alameda	94501	37.783203	-122.298836	4.5	34",
"24	Stone Brewing - Napa	Breweries	920-930 3rd St	Napa	94559	38.298787	-122.282856	4.0	207",
"25	Aftershock Brewing	Breweries	28822 Old Town Front St	Temecula	92590	33.4884084682468	-117.144346833229	4.5	182",
"26	Alameda Island Brewing Company	Breweries	1716 Park St	Alameda	94501	37.7684402	-122.2388611	4.5	303",
"27	Alaro Craft Brewery	Breweries	2004 Capitol Ave	Sacramento	95811	38.57312933	-121.481076	4.0	157",
"28	Ale Industries	Breweries	3096 E 10th St	Oakland	94601	37.7761997597446	-122.228376455605	4.5	169",
"29	AleSmith Brewing Company	Breweries	9990 AleSmith Ct	San Diego	92126	32.8873241	-117.1493986	4.5	410",
"30	Alibi Ale Works - Truckee Public House	Breweries	10069 Bridge St	Truckee	96161	39.3292899	-120.1842621	4.5	118",
"31	Align Brewing Company	Breweries	8680 Miralani Dr	San Diego	92126	32.89666	-117.13722	4.5	17",
"32	All-American Brew Works	Breweries	5120 E La Palma Ave	Anaheim	92807	33.8593551	-117.8062077	4.5	95",
"33	The Rake at Admiral Maltings	Beer Bar	651A W Tower Ave	Alameda	94501	37.783203	-122.298836	4.5	34",
"34	Alosta Brewing Co	Breweries	692 Arrow Grand Cir	Covina	91722	34.104594	-117.878892	4.5	153",
"35	47 Hills Brewing Company	Breweries	137 S Linden Ave	South San Francisco	94080	37.644218	-122.413452	4.5	159",
"36	Alpine Beer Company - Tasting Room	Breweries	2363 Alpine Blvd	Alpine	91901	32.835167	-116.762655	4.0	492",
"37	Alta Brewing Co	Breweries	1983 Julian Ave	San Diego	92113	32.70191	-117.14151	4.5	27",
"38	Altamont Beer Works	Breweries	2402 Research Dr	Livermore	94550	37.67625	-121.72009	4.5	209",
"39	Alvarado Street Brewery	Breweries	1315 Dayton St	Salinas	93901	36.6485249599182	-121.630899926443	4.5	58",
"40	Alvarado Street Brewery	Breweries	426 Alvarado St	Monterey	93940	36.59931	-121.89492	4.0	1142",
"41	Amador Brewing Company	Breweries	9659 Main St	Plymouth	95669	38.4819298	-120.8450394	4.5	101",
"42	Ambitious Ales	Breweries	4019 Atlantic Ave	Long Beach	90807	33.8312212708405	-118.185276762542	5.0	71",
"43	Amplified Ale Works	Breweries	4150 Mission Blvd	San Diego	92109	32.7911417226722	-117.254326022115	4.0	861",
"44	Pure Project	Breweries	9030 Kenamar Dr	San Diego	92121	32.8873375	-117.1555986	4.5	630",
"45	Anacapa Brewing	Pubs	472 E Main St	Ventura	93001	34.28076271003	-119.293606269968	4.0	461",
"46	Anaheim Brewery	Breweries	336 S Anaheim Blvd	Anaheim	92805	33.83262	-117.9125	4.0	299",
"47	Anchor Brewing Company	Breweries	1705 Mariposa St	San Francisco	94107	37.76311	-122.40095	5.0	690",
"48	Anderson Valley Brewing Company	Breweries	17700 Hwy 253	Boonville	95415	39.001377	-123.356019	4.0	228",
"49	Angel City Brewery	Breweries	216 Alameda St	Los Angeles	90012	34.0465361	-118.2378194	4.0	1747",
"50	Angry Horse Brewing	Breweries	603 W Whittier Blvd	Montebello	90640	34.0095721	-118.1063421	4.0	117",
"51	Anchor Brewing Company	Breweries	1705 Mariposa St	San Francisco	94107	37.76311	-122.40095	5.0	690",
"52	Golden Road Brewing	Breweries	5410 W San Fernando Rd	Los Angeles	90039	34.15064	-118.274453	4.0	2296",
"53	Arcana Brewing Company	Breweries	5621 Palmer Way	Carlsbad	92010	33.1401340721854	-117.273890042186	4.5	94",
"54	Centro	Breweries	140 E Main St	Tustin	92780	33.7419509	-117.8231295	4.5	419",
"55	Armistice Brewing Company	Breweries	845 Marina Bay Pkwy	Richmond	94804	37.9194417903228	-122.348262050401	4.5	102",
"56	Armstrong Brewing	Breweries	415 Grand Ave	South San Francisco	94080	37.6557881227935	-122.413363021999	4.5	134",
"57	Arrow Lodge Brewing	Breweries	720 E Arrow Hwy	Covina	91722	34.1050635701011	-117.876500772228	4.0	153",
"58	Artifex Brewing Company	Breweries	919 Calle Amanecer	San Clemente	92673	33.448949	-117.6059392	4.5	134",
"59	Arts District Brewing Company	American (New)	828 Traction Ave	Los Angeles	90013	34.0446217616778	-118.235323801466	4.0	918",
"60	Asian Brothers Brewing Company	Breweries	4800 Florin Rd	Sacramento	95823	38.49552	-121.4492	4.0	17",
"61	Asylum Brewing	Breweries	2970 E La Palma Ave	Anaheim	92806	33.84935	-117.86094	4.0	60",
"62	At Ease Brewing	Breweries	1825 I St	Sacramento	95811	38.57853	-121.48095	5.0	16",
"63	Attitude Brewing Company	Wraps	1985 National Ave	San Diego	92113	32.7004763960453	-117.145065662274	4.5	103",
"64	Auburn Alehouse	Pubs	289 Washington St	Auburn	95603	38.8954662667246	-121.07839892796	4.0	1058",
"65	Blind Lady Ale House	Pizza	3416 Adams Ave	San Diego	92116	32.7634800174059	-117.120310109337	4.0	1310",
"66	Aztec Brewery	Breweries	2330 La Mirada Dr	Vista	92081	33.15014	-117.2298	4.0	133",
"67	Babe's Bar-B-Que & Brewhouse	Barbeque	71800 Hwy 111	Rancho Mirage	92270	33.740762949942	-116.411184867877	3.5	1086",
"68	Backstreet Brewery	Breweries	1884 S Santa Cruz St	Anaheim	92805	33.8006007	-117.8959266	4.5	186",
"69	Bagby Beer Company	Breweries	601 S Coast Hwy	Oceanside	92054	33.18923	-117.37426	4.0	1110",
"70	Home Brew Mart - Ballast Point	Breweries	5401 Linda Vista Rd	San Diego	92110	32.7667841646776	-117.195239067078	4.0	447",
"71	Ballast Point Miramar	American (New)	9045 Carroll Way	San Diego	92121	32.88807	-117.15811	4.0	1834",
"72	Ballast Point Miramar	American (New)	9045 Carroll Way	San Diego	92121	32.88807	-117.15811	4.0	1834",
"73	Ballast Point Long Beach	Breweries	110 N Marina Dr	Long Beach	90803	33.7459142756768	-118.11454537069	3.5	2212",
"74	Ballast Point Anaheim	Breweries	1540 S Disneyland Dr	Anaheim	92802	33.8086987	-117.9238651	3.0	359",
"75	Ballast Point Little Italy	Breweries	2215 India St	San Diego	92101	32.7275213525988	-117.169813710335	4.5	1765",
"76	Standard Deviant Brewing	Breweries	280 14th St	San Francisco	94103	37.76849	-122.41949	4.5	128",
"77	Bang The Drum Brewery	Breweries	950 Orcutt Rd	San Luis Obispo	93401	35.2615061118719	-120.645814444223	4.0	116",
"78	Barebottle Brewing Company	Breweries	1525 Cortland Ave	San Francisco	94110	37.7400856018066	-122.409004211426	4.5	360",
"79	Barley Forge Brewing	Breweries	2957 Randolph Ave	Costa Mesa	92626	33.67878	-117.88822	4.5	714",
"80	BarmHaus Brewing	Breweries	3782 Winding Creek Ln	Garden Valley	95633	38.84013	-120.87859	4.5	5",
"81	Barn Brewery	Bars	2850 El Cajon Blvd	San Diego	92104	32.7555700512994	-117.132338401943	4.0	174",
"82	Belching Beaver Pub980	Breweries	980 Park Center Dr	Vista	92081	33.1449653992113	-117.22874231176	4.5	423",
"83	Barrel Head Brewhouse	Breweries	1785 Fulton St	San Francisco	94117	37.7757521780078	-122.446032238623	4.0	515",
"84	BarrelHouse Brewing Co	Breweries	3055 Limestone Way	Paso Robles	93446	35.5761140843024	-120.691105030689	4.5	324",
"85	Bartlett Hall	Breweries	242 O'Farrell St	San Francisco	94102	37.7863779183055	-122.408723160625	3.5	810",
"86	BattleMage Brewing Company	Breweries	2870 Scott St	Vista	92081	33.1401786804199	-117.227615356445	5.0	92",
"87	Bay Bridge Brewing	Breweries	688 Marsat Ct	Chula Vista	91911	32.6009521	-117.082695	4.5	54",
"88	Bay City Brewing Company	Breweries	3760 Hancock St	San Diego	92110	32.7582184091936	-117.211758757697	4.5	128",
"89	Park Chalet Coastal Beer Garden	Breweries	1000 Great Hwy	San Francisco	94121	37.7694983928195	-122.510200712828	3.0	1296",
"90	Beach Grease Beer Company	Breweries	1280 Activity Dr	Vista	92081	33.14185	-117.2194	4.5	34",
"91	Beachwood Brewing & BBQ	Barbeque	210 E 3rd St	Long Beach	90802	33.770015590062	-118.19099726238	4.0	1409",
"92	Beachwood Blendery	Breweries	247 N Long Beach Blvd	Long Beach	90802	33.77025	-118.18975	4.5	79",
"93	Beachwood Brewing Taproom	Breweries	7631 Woodwind Dr	Huntington Beach	92647	33.7043188616381	-117.995439532022	4.5	55",
"94	Bite American Tapas	American (New)	907 Tahoe Blvd	Incline Village	89451	39.2492990511124	-119.951586720224	4.5	681",
"95	Bear Republic Brewing Co.	Pubs	5000 Roberts Lake Rd	Rohnert Park	94928	38.36472	-122.71017	3.5	370",
"96	Bear Republic Brewing	Brewpubs	345 Healdsburg Ave	Healdsburg	95448	38.6113142	-122.8709947	3.5	971",
"97	Bear Republic Brewing Co.	Pubs	5000 Roberts Lake Rd	Rohnert Park	94928	38.36472	-122.71017	3.5	370",
"98	Bear Roots Brewing	Brewing Supplies	1213 S Santa Fe Ave	Vista	92083	33.18823	-117.22623	4.5	176",
"99	Dust Bowl Brewery Taproom	Breweries	3000 Fulkerth Rd	Turlock	95380	37.5067379121127	-120.882762559525	3.5	648",
"100	Belching Beaver Brewery - Oceanside	Breweries	1334 Rocky Point Dr	Oceanside	92056	33.212525189701	-117.291587032378	4.0	71",
"101	Belching Beaver Brewery Tavern & Grill	Breweries	302 E Broadway	Vista	92084	33.2021	-117.24113	4.0	659",
"102	Belching Beaver Pub980	Breweries	980 Park Center Dr	Vista	92081	33.1449653992113	-117.22874231176	4.5	423",
"103	Belmont Brewing	Breweries	25 39th Pl	Long Beach	90803	33.759361	-118.148117	3.5	1480",
"104	Benoit-Casper Brewing	Breweries	1201 Pennsylvania Ave	Richmond	94801	37.94241	-122.35796	4.5	22",
"105	Berryessa Brewing Company	Breweries	27260 Hwy 128	Winters	95694	38.5146895206581	-122.002428792971	4.5	164",
"106	Big Bear Lake Brewing Company	Breweries	40827 Stone Rd	Big Bear Lake	92315	34.242516	-116.911008	3.5	1421",
"107	Big Bear Mountain Brewery	Pubs	40260 Big Bear Blvd	Big Bear Lake	92315	34.2391	-116.92356	3.0	478",
"108	Big Meadow Brewing	Breweries	241 Main St	Bridgeport	93517	38.2556930722912	-119.227701723576	5.0	17",
"109	Big Sexy Brewing Company	Breweries	5861 88th St	Sacramento	95828	38.5201	-121.37519	4.5	64",
"110	Big Stump Brew Company	Breweries	1716 L St	Sacramento	95811	38.575238725568	-121.484233910877	4.5	142",
"111	Bike Dog Brewing Co	Breweries	2534 Industrial Blvd	West Sacramento	95691	38.566263	-121.543518	4.5	203",
"112	Bird Street Brewing	Breweries	242 Heinlen St	Lemoore	93245	36.30155	-119.78457	4.5	7",
"113	BJ's Restaurant & Brewhouse	Pizza	511 Coleman Ave	San Jose	95110	37.340565	-121.903974	2.5	977",
"114	Bitter Brothers Brewing	Breweries	4170 Morena Blvd	San Diego	92117	32.8158975404079	-117.220202386379	4.5	88",
"115	BJ's Restaurant & Brewhouse	American (New)	600 Brea Mall Dr	Brea	92821	33.912978	-117.889324	3.0	911",
"116	BJ's Restaurant & Brewhouse	Pizza	2917 Eastland Center Dr	West Covina	91791	34.072369	-117.883645	3.0	988",
"117	Black Cock Brewing Company	Breweries	1444 N Batavia St	Orange	92867	33.8113642	-117.8625749	4.0	263",
"118	Black Doubt Brewing Company	Breweries	452 Old Mammoth Rd	Mammoth Lakes	93546	37.63938	-118.96724	5.0	135",
"119	Black Gold Brewing Company	Breweries	508 Center St	Taft	93268	35.1412097	-119.4594135	4.0	58",
"120	Black Hammer Brewing	Breweries	544 Bryant St	San Francisco	94107	37.7807	-122.39701	4.5	314",
"121	Black Market Brewing Co. - Temecula	Breweries	41740 Enterprise Cir N	Temecula	92590	33.51854	-117.16959	4.0	273",
"122	BLACK PLAGUE Brewing	Breweries	2550 Jason Ct	Oceanside	92056	33.21564	-117.2668	4.5	137",
"123	Blaker Brewing	Breweries	1063 Montclaire Dr	Ceres	95307	37.5764710901148	-120.980194483906	4.5	52",
"124	Heretic Brewing Company	Breweries	1052 Horizon Dr	Fairfield	94533	38.273647	-122.015358	4.5	261",
"125	Blue Note Brewing Company	Breweries	750 Dead Cat Aly	Woodland	95695	38.6779499	-121.7712086	4.5	88",
"126	Blue Oak Brewing Company	Breweries	815 Cherry Ln	San Carlos	94070	37.510186	-122.253044	4.5	64",
"127	BNS Brewing & Distilling	Breweries	10960 Wheatlands Ave	Santee	92071	32.84666	-116.95834	4.0	151",
"128	Bolt Brewery	Breweries	8179 Center St	La Mesa	91942	32.7719692578383	-117.020541742427	4.5	232",
"129	Bonaventure Brewing Company	Breweries	404 S Figueroa St	Los Angeles	90071	34.05256	-118.25601	3.0	387",
"130	Boomtown Brewery	Breweries	700 Jackson St	Los Angeles	90012	34.05081	-118.23311	4.5	354",
"131	Bootlegger's Brewery	Breweries	130 S Highland Ave	Fullerton	92832	33.86963	-117.92845	4.0	762",
"132	Bootlegger's Brewery	Breweries	130 S Highland Ave	Fullerton	92832	33.86963	-117.92845	4.0	762",
"133	Bootlegger's Brewery - Costa Mesa	Breweries	696 Randolph Ave	Costa Mesa	92626	33.6768478	-117.8855811	4.5	52",
"134	Ritual Brewing	Breweries	1315 Research Dr	Redlands	92374	34.0705779334844	-117.23702788353	4.5	237",
"135	Booze Brothers Brewing	Breweries	2545 Progress St	Vista	92081	33.148172	-117.218047	4.5	242",
"136	Border X Brewing	Beer Bar	4400 E Gage Ave	Bell	90201	33.9780149082467	-118.189106807113	4.0	64",
"137	Border X Brewing	Breweries	2181 Logan Ave	San Diego	92113	32.69803	-117.13983	4.5	285",
"138	Border X Brewing	Breweries	2181 Logan Ave	San Diego	92113	32.69803	-117.13983	4.5	285",
"139	Bottle Logic Brewing	Breweries	1072 N Armando St	Anaheim	92806	33.849549	-117.859775	4.5	705",
"140	Bravery Brewing	Breweries	42705 8th St W	Lancaster	93534	34.658707	-118.145998	4.5	139",
"141	Breakwater Brewing Company	Breweries	101 N Coast Hwy	Oceanside	92054	33.1950701	-117.3790501	4.0	558",
"142	Brew Rebellion	Pubs	33 S San Gorgonio Ave	Banning	92220	33.9251480102539	-116.877059936523	4.0	20",
"143	Brewbakers Brewing Company	American (Traditional)	219 E Main St	Visalia	93291	36.3300433818799	-119.290673415935	4.0	390",
"144	Tuscano's & BrewQuinta	Italian	78772 Highway 111	La Quinta	92253	33.71209	-116.29079	4.5	93",
"145	Abigaile	American (New)	1301 Manhattan Ave	Hermosa Beach	90254	33.86325	-118.399528	4.0	1216",
"146	Brewery At Lake Tahoe	Pubs	3542 Lake Tahoe Blvd	South Lake Tahoe	96150	38.94657	-119.96166	3.5	747",
"147	Simmzy's	American (New)	3000 W Olive Ave	Burbank	91505	34.15659	-118.33384	4.0	582",
"148	Brewery Draconum	Brewpubs	24407 Main St	Santa Clarita	91321	34.380673858227	-118.529684990644	4.5	156",
"149	Laguna Beach Beer Company - Rancho Santa Margarita	Breweries	29851 Aventura D	Rancho Santa Margarita	92688	33.63661	-117.60958	4.5	112",
"150	Claremont Craft Ales	Beer"," Wine & Spirits	1420 N Claremont Blvd	Claremont	91711	34.1090511532196	-117.701891014214	4.5	272"
"151	Three Weavers Brewing Co	Breweries	1031 W Manchester Blvd	Inglewood	90301	33.9615419494809	-118.374757488917	4.5	346",
"152	Three Weavers Brewing Co	Breweries	1031 W Manchester Blvd	Inglewood	90301	33.9615419494809	-118.374757488917	4.5	346",
"153	Tilted Mash Brewing	Breweries	9175 Union Park Way	Elk Grove	95624	38.3891154	-121.3606571	4.5	112",
"154	MacLeod Ale Brewing	Breweries	14741 Calvert St	Van Nuys	91411	34.18194	-118.45458	4.5	381",
"155	Del Cielo Brewing Company	Breweries	701 Escobar St	Martinez	94553	38.0183247	-122.1368987	4.0	95",
"156	Sunset Reservoir Brewing Company	American (Traditional)	1735 Noriega St	San Francisco	94122	37.7538401497706	-122.482464055415	3.5	597",
"157	Temescal Brewing	Beer Gardens	4115 Telegraph Ave	Oakland	94609	37.8303327266535	-122.264366671443	4.0	200",
"158	Chapman Crafted Beer	Breweries	123 N Cypress St	Orange	92866	33.7886085601538	-117.856072184024	4.5	124",
"159	Hamilton Family Brewery	Breweries	9757 7th St	Rancho Cucamonga	91730	34.0880476219532	-117.591965138057	4.5	308",
"160	Hamilton Family Brewery	Breweries	9757 7th St	Rancho Cucamonga	91730	34.0880476219532	-117.591965138057	4.5	308",
"161	The Other Side	American (Traditional)	5090 Folsom Blvd	Sacramento	95819	38.5606468517138	-121.443885815904	4.0	183",
"162	Wolf Creek Restaurant	American (Traditional)	27746 McBean Pkwy	Santa Clarita	91354	34.445182	-118.551507	4.0	624",
"163	Berryessa Brewing Company	Breweries	27260 Hwy 128	Winters	95694	38.5146895206581	-122.002428792971	4.5	164",
"164	Brewery Twenty Five	Breweries	106 3rd St	San Juan Bautista	95045	36.843959	-121.535381	5.0	10",
"165	Brewheim Beer Makers	Breweries	1931 E Wright Cir	Anaheim	92806	33.8052760148	-117.890690248626	4.5	99",
"166	Mad River Brewing Company	Pubs	101 Taylor Way	Blue Lake	95525	40.8787348	-123.9920833	4.0	155",
"167	Brewing Reserve of California	Breweries	2930 College Ave	Costa Mesa	92626	33.67919	-117.91605	4.5	21",
"168	Everson Royce Bar	Bars	1936 E 7th St	Los Angeles	90021	34.03439	-118.232589	4.5	699",
"169	brewLAB	Breweries	4191 Carpinteria Ave	Carpinteria	93013	34.4039078	-119.5341339	4.5	44",
"170	B Street Public House	Gastropubs	117 Broadway St	Chico	95928	39.730336	-121.8416508	4.0	246",
"171	Brouwerij West	Breweries	110 E 22nd St	San Pedro	90731	33.7257694	-118.2802782	4.5	296",
"172	Bruery Terreux Tasting Room	Breweries	1174 N Grove St	Anaheim	92806	33.8575048	-117.8421334	4.5	231",
"173	The Bruery	Breweries	717 Dunn Way	Placentia	92870	33.8624287319832	-117.879275106287	4.5	957",
"174	Buffalo Bill's Brewery	American (Traditional)	1082 B St	Hayward	94541	37.67392	-122.08147	3.5	1468",
"175	Burgeon Beer Co	Breweries	6350 Yarrow Dr	Carlsbad	92011	33.1195646952615	-117.273261845112	4.5	155",
"176	Burnin Daylight Brewing	Breweries	24516 Narbonne Ave	Lomita	90717	33.8029046036583	-118.31973709166	4.5	46",
"177	Burning Barrel Brewing Company	Breweries	11210 Sun Center Dr	Rancho Cordova	95742	38.5976889	-121.266995	4.5	74",
"178	Burning Beard Brewing Company	Breweries	785 Vernon Way	El Cajon	92020	32.8117477630521	-116.972286134148	4.5	106",
"179	Calexico Brewing Company	Brewpubs	2320 M L King St	Calexico	92231	32.6908824288736	-115.492923147976	4.0	6",
"180	Faction Brewing	Breweries	2501 Monarch St	Alameda	94501	37.786577	-122.309303	4.5	482",
"181	Bottle Barn	Beer"," Wine & Spirits	3331 Industrial Dr	Santa Rosa	95403	38.476186	-122.740475	4.5	204"
"182	California Wild Ales	Breweries	4202 Sorrento Valley Blvd	San Diego	92121	32.90536	-117.21485	5.0	31",
"183	Campbell Brewing Company	Breweries	200 E Campbell Ave	Campbell	95008	37.28667	-121.94639	2.5	402",
"184	Modern Times DTLA Dankness Dojo	Brewpubs	832 S Olive St	Los Angeles	90014	34.0443911	-118.2576348	4.0	382",
"185	Crow Canyon Country Club	Country Clubs	711 Silver Lake Dr	Danville	94526	37.78583	-121.96242	4.0	64",
"186	Canyon Lakes Golf Course	Golf	640 Bollinger Canyon Way	San Ramon	94582	37.7707673113043	-121.949792318771	3.5	82",
"187	Captain Fatty's Brewery	Breweries	6489 Calle Real	Goleta	93117	34.439349	-119.851617	4.5	79",
"188	Carmel Craft Brewing Company	Breweries	Big Sur Barn 3777 The Barnyard	Carmel-by-the-Sea	93923	36.5404928	-121.9077938	5.0	19",
"189	Carmel Craft Brewing Company	Breweries	Big Sur Barn 3777 The Barnyard	Carmel-by-the-Sea	93923	36.5404928	-121.9077938	5.0	19",
"190	Casa Agria Specialty Ales	Breweries	701 N Del Norte Blvd	Oxnard	93030	34.207699	-119.128035	4.5	77",
"191	Catalina Island Brew House	Breweries	417 Crescent Ave	Avalon	90704	33.3434322362233	-118.325506187975	4.5	262",
"192	CAVU Brewery and Restaurant	Brewpubs	7536 Fay Ave	La Jolla	92037	32.8408331735077	-117.274399474869	4.0	118",
"193	Cedar Crest Brewing	Wine Bars	615 Main St	Red Bluff	96080	40.17674	-122.23474	4.5	19",
"194	Cellarmaker Brewing Company	Breweries	1150 Howard St	San Francisco	94103	37.777217	-122.410766	4.5	434",
"195	Central Coast Brewing	Breweries	1422 Monterey St	San Luis Obispo	93401	35.285846	-120.655711	4.5	235",
"196	Central Coast Brewing	Breweries	1422 Monterey St	San Luis Obispo	93401	35.285846	-120.655711	4.5	235",
"197	Channel Brewing Company	Breweries	110 N San Joaquin St	Stockton	95202	37.954521	-121.2873039	4.0	40",
"198	Chapman Crafted Beer	Breweries	123 N Cypress St	Orange	92866	33.7886085601538	-117.856072184024	4.5	124",
"199	Bootlegger's Brewery	Breweries	130 S Highland Ave	Fullerton	92832	33.86963	-117.92845	4.0	762",
"200	Chino Valley Brewery	Breweries	1609 S Grove Ave	Ontario	91761	34.0443303	-117.6272851	4.5	50",
"201	Chula Vista Brewery	Breweries	294 3rd Ave	Chula Vista	91910	32.641634049518	-117.080261819065	4.0	76",
"202	Circle 9 Brewing	Breweries	7292 Opportunity Rd	San Diego	92111	32.8254665	-117.160549	4.5	50",
"203	Cismontane Brewing Company	Breweries	1409 E Warner Ave	Santa Ana	92688	33.71638	-117.85177	4.0	119",
"204	Citizen Brewers	Breweries	5837 Mission Gorge Rd	San Diego	92120	32.7815593	-117.1008159	5.0	17",
"205	J & N Realty Property Management	Property Management	8800 Eton Ave	Canoga Park	91304	34.23015	-118.594563	3.5	66",
"206	Claimstake Brewing	Breweries	11366 Monier Park Pl	Rancho Cordova	95742	38.58213	-121.26083	4.5	115",
"207	Clandestine Brewing	Breweries	980 S First St	San Jose	95110	37.32158	-121.87872	4.5	66",
"208	Claremont Craft Ales	Beer"," Wine & Spirits	1420 N Claremont Blvd	Claremont	91711	34.1090511532196	-117.701891014214	4.5	272"
"209	Cleophus Quealy	Breweries	448 Hester St	San Leandro	94577	37.7221819	-122.1912972	4.5	132",
"210	Coachella Valley Brewing	Breweries	30640 Gunther St	Thousand Palms	92276	33.826594	-116.401405	4.0	156",
"211	Cold Water Brewery and Grill	American (New)	2544 Lake Tahoe Blvd	South Lake Tahoe	96150	38.925047	-119.986382	4.0	832",
"212	Common Space Brewery	Breweries	3411 W El Segundo Blvd	Hawthorne	90250	33.91695	-118.33343	4.5	105",
"213	Duke's Malibu	American (New)	21150 Pacific Coast Hwy	Malibu	90265	34.03644	-118.635889	4.0	2383",
"214	Congregation Ale House	Gastropubs	619 N Azusa Ave	Azusa	91702	34.13239	-117.90788	4.0	650",
"215	Home Brew Mart - Ballast Point	Breweries	5401 Linda Vista Rd	San Diego	92110	32.7667841646776	-117.195239067078	4.0	447",
"216	Cool Beerwerks	Hawaiian	5020 Ellinghouse Dr	Cool	95614	38.88645	-121.01405	4.0	136",
"217	Cooperage Brewing Company	Breweries	981 Airway Ct	Santa Rosa	95403	38.475267	-122.735473	4.5	139",
"218	Coronado Brewing Company	Breweries	875 Seacoast Dr	Imperial Beach	91932	32.5805081	-117.1315951	4.0	386",
"219	Coronado Brewing	Brewpubs	1205 Knoxville	San Diego	92110	32.7718593948984	-117.20468197827	4.5	289",
"220	Coronado Brewing Company	Breweries	875 Seacoast Dr	Imperial Beach	91932	32.5805081	-117.1315951	4.0	386",
"221	Corralitos Brewing Company	Breweries	2536 Freedom Blvd	Watsonville	95076	36.9499719616272	-121.793	4.5	75",
"222	Cosmic Brewery	Breweries	20316 Gramercy Pl	Torrance	90501	33.8462782792757	-118.311399109662	4.0	111",
"223	Craft Brewing Company - Lake Elsinore	Breweries	530 Crane St	Lake Elsinore	92530	33.68678	-117.33991	4.5	103",
"224	Craftsman Brewing Company	Breweries	1260 Lincoln Ave	Pasadena	91103	34.1677048	-118.1594351	4.5	39",
"225	Creative Creature Brewing Co.	Brewpubs	110 Magnolia Ave	El Cajon	92020	32.7955814650074	-116.96278642863	5.0	30",
"226	Crooked Goat Brewing	Brewpubs	120 Morris St	Sebastopol	95472	38.403931	-122.819689	4.5	184",
"227	Crooked Lane Brewing	Breweries	536 Grass Valley Hwy	Auburn	95603	38.9094390869141	-121.076393127441	4.5	136",
"228	Crown Auto Service	Auto Repair	2101 Pontius Ave	Los Angeles	90025	34.0414584276035	-118.439848423004	4.5	216",
"229	Culture Brewing Co - Solana Beach	Breweries	111 S Cedros Ave	Solana Beach	92075	32.9915933	-117.2707002	4.5	324",
"230	Culver Beer Company	Breweries	2719 W Loker Ave	Carlsbad	92010	33.132640838623	-117.258399963379	5.0	88",
"231	Danville Brewing	Salad	200 Railroad Ave	Danville	94526	37.8210142544642	-122.000220666586	4.0	402",
"232	Beer Revolution	Beer Bar	464 3rd St	Oakland	94607	37.7970395	-122.2762807	4.5	780",
"233	Dead Oak Brewing Company	Breweries	5925 Entrada Ave	Atascadero	93422	35.4897422240214	-120.668791000333	4.5	34",
"234	Death Valley Brewery	Breweries	102 Old Spanish Trl	Tecopa	92389	35.8481865575728	-116.226526089684	4.5	12",
"235	Deft Brewing	Breweries	5328 Banks St	San Diego	92110	32.76436	-117.19906	5.0	71",
"236	Del Cielo Brewing Company	Breweries	701 Escobar St	Martinez	94553	38.0183247	-122.1368987	4.0	95",
"237	Brew Crew	Breweries	11626 Sterling Ave	Riverside	92503	33.895437	-117.484886	4.5	56",
"238	Dempsey's Restaurant & Brewery	American (Traditional)	50 E Washington St	Petaluma	94952	38.2348496423583	-122.639250639953	3.5	343",
"239	Golden Road Brewing	American (New)	2210 E Orangewood Ave	Anaheim	92806	33.795527	-117.8852357	4.0	1059",
"240	Device Brewing Company	Brewpubs	7485 Rush River Dr	Sacramento	95831	38.4850208	-121.5345518	4.0	1",
"241	Devil's Canyon Brewing Company	Breweries	935 Washington St	San Carlos	94070	37.49851	-122.24381	4.0	161",
"242	Diamond Mountain Casino Hotel & Brewery	Casinos	900 Skyline Dr	Susanville	96130	40.4304073861438	-120.657606124878	3.5	77",
"243	Temblor Brewing Company	Breweries	3200 Buck Owens Blvd	Bakersfield	93308	35.38877	-119.04222	4.0	536",
"244	Discretion Brewing	Breweries	2703 41st Ave	Soquel	95073	36.985671823223	-121.965471541734	4.0	334",
"245	Bottle Logic Brewing	Breweries	1072 N Armando St	Anaheim	92806	33.849549	-117.859775	4.5	705",
"246	Diving Dog Brewhouse	Breweries	1802 Telegraph Ave	Oakland	94612	37.8075774	-122.269898	4.0	150",
"247	Division 23 Brewing	Breweries	7408 Trade St	San Diego	92121	32.89034	-117.1629	4.5	77",
"248	Docent Brewing	Breweries	33049 Calle Aviador	San Juan Capistrano	92675	33.4832845703319	-117.675834089688	4.5	283",
"249	Dos Desperados Brewery	Breweries	1241 Linda Vista Dr	San Marcos	92078	33.137111	-117.1937063	4.5	90",
"250	Stumblefoot Brewing Company	Breweries	1784 La Costa Meadows Dr	San Marcos	92078	33.1047168186771	-117.219229069311	4.0	108",
"251	Downtown Joe's Brewery and Restaurant	Breweries	902 Main St	Napa	94559	38.29878	-122.2848	3.5	827",
"252	Breva Restaurant	American (New)	939 S Figueroa St	Los Angeles	90015	34.045518	-118.263997	4.0	126",
"253	Dragon's Tale Brewery	Breweries	8920 Vernon Ave	Montclair	91763	34.0915069515807	-117.6869751513	4.5	72",
"254	Drake's Brewing	Breweries	1933 Davis St	San Leandro	94577	37.714717957836	-122.179304977019	4.0	720",
"255	Draughtsmen Aleworks	Breweries	53 Santa Felicia Dr	Goleta	93117	34.4322514490143	-119.876084318148	5.0	69",
"256	Dreaming Dog Brewery	Breweries	2501 W Taron Ct	Elk Grove	95757	38.4074	-121.47784	3.5	57",
"257	Dry River Brewing	Breweries	671 S Anderson St	Los Angeles	90023	34.0358940506486	-118.223494067788	4.0	58",
"258	Miniboss	Bars	52 E Santa Clara St	San Jose	95113	37.33668	-121.88895	4.0	122",
"259	Duck Foot Brewing Company	Breweries	8920 Kenamar Dr	San Diego	92121	32.885171	-117.15632	4.5	234",
"260	The Dudes' Brewing Company	Breweries	1840 W 208th St	Torrance	90501	33.84163	-118.31138	4.0	343",
"261	Crooked Lane Brewing	Breweries	536 Grass Valley Hwy	Auburn	95603	38.9094390869141	-121.076393127441	4.5	136",
"262	Dunbar Brewing	Pubs	2200 El Camino Real	Santa Margarita	93453	35.3928568709901	-120.60604186369	4.5	56",
"263	Dunsmuir Brewery Works	Breweries	5701 Dunsmuir Ave	Dunsmuir	96025	41.21195	-122.2718	4.5	296",
"264	Dust Bowl Brewery Taproom	Breweries	3000 Fulkerth Rd	Turlock	95380	37.5067379121127	-120.882762559525	3.5	648",
"265	Dutch's Brewhouse	Breweries	4244 Atlantic Ave	Long Beach	90807	33.833587	-118.184716	5.0	228",
"266	E.J. Phair Brewing Company and Alehouse	Pubs	2151 Salvio St	Concord	94520	37.9780359755363	-122.033757133994	3.5	684",
"267	E.J. Phair Brewing Company	Breweries	300 Cumberland St	Pittsburg	94565	38.03302	-121.88251	4.0	227",
"268	Eagle Rock Brewery	Breweries	3056 Roswell St	Los Angeles	90065	34.11494	-118.24334	4.5	414",
"269	Earth and Fire Brewing Company	Breweries	825 Riverside Ave	Paso Robles	93446	35.6237523765772	-120.686780512333	4.5	55",
"270	East Brother Beer Company	Breweries	1001 Canal Blvd	Richmond	94804	37.9175758361816	-122.375373840332	4.5	96",
"271	East Cliff Brewing Company	Breweries	21517 E Cliff Dr	Santa Cruz	95062	36.9645273947767	-121.989245787263	4.5	64",
"272	Ebullition Brew Works	Breweries	2449 Cades Way	Vista	92081	33.1537179242772	-117.224016487598	4.5	49",
"273	Eel River Brewing	Pubs	1777 Alamar Way	Fortuna	95540	40.5793	-124.15301	3.5	491",
"274	Redwood Curtain Brewing Company	Breweries	550 S G St	Arcata	95521	40.85693	-124.08857	4.5	152",
"275	Eight Bridges Brewing	Breweries	332 Earhart Way	Livermore	94551	37.698987	-121.812568	4.0	108",
"276	Bacari W. Adams	Wine Bars	2308 S Union Ave	Los Angeles	90007	34.03447	-118.28341	4.0	1333",
"277	Mraz Brewing Company	Breweries	2222 Francisco Dr	El Dorado Hills	95762	38.710145314471	-121.086199626316	4.0	99",
"278	El Segundo Brewing	Breweries	140 Main St	El Segundo	90245	33.9177085	-118.4156584	4.5	340",
"279	Electric Brewing Co	Breweries	41537 Cherry St	Murrieta	92562	33.5266085597497	-117.173675004824	4.5	120",
"280	Elevation 66 Brewing Co	Breweries	10082 San Pablo Ave	El Cerrito	94530	37.9020483	-122.3030536	4.0	586",
"281	Elkhorn Slough Brewing Company	Breweries	65 Hangar Way	Watsonville	95076	36.9276686710875	-121.789868546239	4.5	38",
"282	Gordon Biersch Brewery Restaurant	Breweries	5010 Mission Center Rd	San Diego	92108	32.76701	-117.15415	3.5	1028",
"283	Enegren Brewing Company	Beer Gardens	444 Zachary St	Moorpark	93021	34.2831689691904	-118.87077447027	4.5	180",
"284	English Ales Brewery	Pubs	223 Reindollar Ave	Marina	93933	36.6801872253418	-121.803634643555	3.5	186",
"285	Epidemic Ales	Breweries	150 Mason Cir	Concord	94520	38.00994	-122.03898	4.5	138",
"286	Eppig Brewing	Breweries	3052 El Cajon Blvd	San Diego	92104	32.7557199	-117.12873	4.5	98",
"287	Escape Craft Brewery	Breweries	721 Nevada St	Redlands	92373	34.0613621881783	-117.218534365082	4.5	147",
"288	Escondido Brewing Company	Breweries	649 Rock Springs Rd	Escondido	92025	33.1246	-117.09703	4.5	45",
"289	Etna Brewing	Brewpubs	131 Callahan St	Etna	96027	41.45699	-122.89181	4.0	48",
"290	Etna Brewing	Brewpubs	131 Callahan St	Etna	96027	41.45699	-122.89181	4.0	48",
"291	Euryale Brewing Company	Breweries	2060 Chicago Ave	Riverside	92507	33.99257	-117.34727	4.5	51",
"292	Faction Brewing	Breweries	2501 Monarch St	Alameda	94501	37.786577	-122.309303	4.5	482",
"293	Fair Oaks Brew Pub	Breweries	7988 California Ave	Fair Oaks	95628	38.642127	-121.269538	4.0	368",
"294	Fall Brewing Company	Breweries	4542 30th St	San Diego	92116	32.760067	-117.130598	4.0	262",
"295	Fall River Taphouse	Breweries	1030 E Cypress Ave	Redding	96002	40.5714	-122.35114	4.5	135",
"296	Miner's Alley Brewing Company	American (Traditional)	2053 Montgomery St	Oroville	95965	39.51394	-121.55484	4.0	138",
"297	Faultline Brewing Company	American (New)	1235 Oakmead Pkwy	Sunnyvale	94085	37.38735	-121.99259	3.0	975",
"298	Feather Falls Casino Brewing	Sushi Bars	3 Alverda Dr	Oroville	95966	39.4671499	-121.51565	4.0	83",
"299	Federation Brewing	Breweries	420 3rd St	Oakland	94607	37.7967186701437	-122.275307850443	4.5	52",
"300	Fieldwork Brewing Co.	Breweries	1160 6th St	Berkeley	94710	37.8813555	-122.3019801	4.5	521",
"301	Fifty Fifty Brewing	Breweries	11197 Brockway Rd	Truckee	96161	39.3219439	-120.1633255	3.5	584",
"302	Fifty Fifty Brewing	Breweries	11197 Brockway Rd	Truckee	96161	39.3219439	-120.1633255	3.5	584",
"303	Figueroa Mountain Brewing Company	Breweries	45 Industrial Way	Buellton	93427	34.61066	-120.2023	4.5	302",
"304	Figueroa Mountain Brewing	Breweries	1462 E Grand Ave	Arroyo Grande	93420	35.12105	-120.60584	4.0	347",
"305	Figueroa Mountain Brewing Co.	Breweries	137 Anacapa St	Santa Barbara	93101	34.41462841484	-119.690788274147	4.0	390",
"306	Figueroa Mountain Brewing Co.	Breweries	30770 Russell Ranch Rd	Westlake Village	91362	34.14732	-118.795531	3.5	347",
"307	Final Draft Brewing Company	Breweries	1600 California St	Redding	96001	40.58223	-122.39173	4.0	295",
"308	Fireman's Brew	Brewing Supplies	7021 Canoga Ave	Canoga Park	91303	34.19809	-118.59811	1.0	1",
"309	Firestone Walker Brewing- Buellton	American (New)	620 McMurray Rd	Buellton	93427	34.62014	-120.18769	4.0	625",
"310	Firestone Walker Brewing - Paso Robles	American (New)	1400 Ramada Dr	Paso Robles	93446	35.59588	-120.69413	3.5	1349",
"311	Firestone Walker Brewing Company - The Propagator	Brewpubs	3205 Washington Blvd	Marina Del Rey	90292	33.98972	-118.44861	4.0	584",
"312	Dust Bowl Brewery Taproom	Breweries	3000 Fulkerth Rd	Turlock	95380	37.5067379121127	-120.882762559525	3.5	648",
"313	Five Suns Brewing	Breweries	701 Escobar St	Martinez	94553	38.01829	-122.13687	4.5	68",
"314	Five Threads Brewing Company	Breweries	31133 Via Colinas	Westlake Village	91362	34.15401	-118.80361	4.5	139",
"315	Five Window Beer Co.	Breweries	9 W Locust St	Lodi	95240	38.1367440660439	-121.272657439113	4.5	97",
"316	Flat Fish Brewing	Breweries	126 N Wood Rd	Camarillo	93010	34.21793	-119.09545	4.0	15",
"317	Flatland Brewing Company	Breweries	9183 Survey Rd	Elk Grove	95624	38.3758260360682	-121.35867588222	4.5	81",
"318	Fogbelt Brewing Company	Brewpubs	1305 A Cleveland Ave	Santa Rosa	95401	38.4490610122016	-122.726990783964	4.0	241",
"319	Fort Point Beer	Beer"," Wine & Spirits	1 The Embarcadero	San Francisco	94105	37.796133	-122.394041	4.5	84"
"320	Ales Unlimited	Beer"," Wine & Spirits	2398 Webster St	San Francisco	94115	37.7925416082144	-122.432835549116	4.5	94"
"321	Fort Rock Brewing	Breweries	12401 Folsom Blvd	Rancho Cordova	95742	38.63023	-121.21523	4.0	119",
"322	Fountainhead Brewing Company	Breweries	4621 24th St	Sacramento	95822	38.5335119205448	-121.482852101326	4.5	63",
"323	Four Sons Brewing	Breweries	18421 Gothard St	Huntington Beach	92648	33.6950722	-117.9998932	4.5	341",
"324	Freewheel Brewing Company	Breweries	3736 Florence St	Redwood City	94063	37.4782534	-122.1869481	4.0	286",
"325	Frogtown Brewery	Breweries	2931 Gilroy St	Los Angeles	90039	34.107	-118.25133	4.5	96",
"326	Full Circle Brewing Company	Breweries	620 F St	Fresno	93706	36.72707	-119.79066	3.5	68",
"327	GameCraft Brewing	Breweries	23301 Avenida De La Carlota	Laguna Hills	92653	33.624239462539	-117.718149466636	4.5	129",
"328	Garage Brewing	Pizza	29095 Old Town Front St	Temecula	92590	33.482417	-117.143704	4.0	683",
"329	GBC Remodeling	Contractors	10459 Roselle St	San Diego	92121	32.8953493	-117.2195606	5.0	4",
"330	Ghost Town Brewing	Breweries	1960 Adeline St	Oakland	94607	37.8141252908212	-122.284134887159	4.5	84",
"331	Ghostwood Beer Company	Breweries	965 Brewster Ave	Redwood City	94063	37.48744	-122.2352	4.0	43",
"332	Gilman Brewing Company	Brewpubs	912 Gilman St	Berkeley	94710	37.8791	-122.2996	4.5	128",
"333	GoatHouse Brewing Co	Breweries	600 Wise Rd	Lincoln	95648	38.924414	-121.268675	4.5	175",
"334	Gold Hill Vineyard & Brewery	Pubs	5660 Vineyard Ln	Placerville	95667	38.784601	-120.886736	3.5	47",
"335	Golden Road Brewing	Breweries	5410 W San Fernando Rd	Los Angeles	90039	34.15064	-118.274453	4.0	2296",
"336	Golden Road Brewing	American (New)	2210 E Orangewood Ave	Anaheim	92806	33.795527	-117.8852357	4.0	1059",
"337	Big Stump Brew Company	Breweries	1716 L St	Sacramento	95811	38.575238725568	-121.484233910877	4.5	142",
"338	Golden State Brew & Grill	Brewpubs	7560 Monterey Rd	Gilroy	95020	37.00912	-121.56922	4.0	63",
"339	Golden State Brewery	Breweries	1252 Memorex Dr	Santa Clara	95050	37.3612901137809	-121.953576556207	4.5	157",
"340	Brewyard Beer Company	Breweries	906 Western Ave	Glendale	91201	34.1677454	-118.293001	4.5	146",
"341	Gordon Biersch Brewery Restaurant	Breweries	5010 Mission Center Rd	San Diego	92108	32.76701	-117.15415	3.5	1028",
"342	Gordon Biersch Brewing Company	Beer Tours	357 E Taylor St	San Jose	95112	37.3529560634881	-121.892556066868	4.5	63",
"343	Grass Valley Brewing Company	Breweries	141 E Main St	Grass Valley	95945	39.2193141616587	-121.060496717691	4.5	22",
"344	Gravity Heights	Breweries	9920 Pacific Heights Blvd	San Diego	92121	32.90016	-117.19086	4.5	259",
"345	Crazy Harry's Bar	Pretzels	20112 Saticoy St	Winnetka	91306	34.2081111711524	-118.571555614471	4.5	214",
"346	Great Change Brewing	Breweries	4200 Resnik Ct	Bakersfield	93313	35.31635	-119.08691	4.5	29",
"347	Green Cheek Beer Company	Breweries	2294 N Batavia St	Orange	92865	33.82623	-117.86396	4.5	136",
"348	Green Flash Brewing Co	Breweries	6550 Mira Mesa Blvd	San Diego	92121	32.9071098	-117.1777588	4.5	996",
"349	Shadow Puppet Brewing Company	Breweries	4771 Arroyo Vista	Livermore	94551	37.69916	-121.73874	4.5	161",
"350	Grillin & Chillin Roadhouse	American (Traditional)	3650 San Juan Rd	Hollister	95023	36.8515817821026	-121.441228240728	3.5	127",
"351	Groundswell Brewing Company	Breweries	10151 Prospect Ave	Santee	92071	32.8312456048275	-116.976399429396	4.0	26",
"352	Guadalupe Brewery	Breweries	5674 El Camino Real	Carlsbad	92008	33.138731	-117.273619	4.0	20",
"353	Gunwhale Ales	Breweries	2960 Randolph Ave	Costa Mesa	92626	33.678882598877	-117.887275695801	4.0	195",
"354	Gyppo Ale Mill	Breweries	1661 Upper Pacific Dr	Shelter Cove	95589	40.02466	-124.06865	4.5	27",
"355	Half Door Brewing	Brewpubs	903 Island Ave	San Diego	92101	32.710263	-117.156272	4.5	614",
"356	Half Moon Bay Brewing Company	Seafood	390 Capistrano Rd	Half Moon Bay	94019	37.50395658711	-122.4855427298	3.5	1752",
"357	Hamilton Family Brewery	Breweries	9757 7th St	Rancho Cucamonga	91730	34.0880476219532	-117.591965138057	4.5	308",
"358	Hand-Brewed Beer	Breweries	9771 Variel Ave	Los Angeles	91311	34.2482134960474	-118.593802146169	4.5	33",
"359	Hangar 24 Craft Brewing	Breweries	1710 Sessums Dr	Redlands	92374	34.083151	-117.141796	4.5	613",
"360	Hapa's Brewing Company	Breweries	460 Lincoln Ave	San Jose	95126	37.3199234131692	-121.908018084656	4.5	242",
"361	Hardwood Bar & Smokery	Sports Bars	680 8th St	San Francisco	94103	37.77045	-122.40499	4.0	90",
"362	Brewery Gulch Inn	Hotels	9401 N Hwy 1	Mendocino	95460	39.293002	-123.792947	5.0	128",
"363	Harmonic Brewing	Breweries	1050 26th St	San Francisco	94107	37.7516212463379	-122.390068054199	4.5	133",
"364	Barrel Head Brewhouse	Breweries	1785 Fulton St	San Francisco	94117	37.7757521780078	-122.446032238623	4.0	515",
"365	Helia Brewing Co	Breweries	1250 Keystone Way	Vista	92081	33.13631	-117.23206	5.0	46",
"366	Helix Brewing	Breweries	8101 Commercial St	La Mesa	91942	32.7719725482107	-117.023412848952	4.5	187",
"367	HenHouse Brewing Company Palace of Barrels	Breweries	1333 N McDowell Blvd	Petaluma	94954	38.27212	-122.66393	4.5	41",
"368	Heretic Brewing Company	Breweries	1052 Horizon Dr	Fairfield	94533	38.273647	-122.015358	4.5	261",
"369	Hermitage Brewery	Breweries	1627 S 7th St	San Jose	95112	37.313457	-121.867441	4.5	237",
"370	Heroes Restaurant and Brewery	Sports Bars	3397 Mission Inn Ave	Riverside	92501	33.9814567544957	-117.369853856673	3.5	1679",
"371	High Water Brewing	Breweries	1924 Pacific Ave	Stockton	95204	37.9704243	-121.299377	5.0	4",
"372	Highland Park Brewery	Breweries	5127 York Blvd	Los Angeles	90042	34.1208931	-118.2038004	4.0	115",
"373	Highland Park Brewery	Breweries	5127 York Blvd	Los Angeles	90042	34.1208931	-118.2038004	4.0	115",
"374	HIGHPOINT Brewing Company	Brewpubs	402 W Arrow Hwy	San Dimas	91773	34.1027951	-117.8139033	4.5	37",
"375	Highway 1 Brewing Company	Gastropubs	5720 S Cabrillo Hwy	Pescadero	94060	37.1653203	-122.3599673	3.0	420",
"376	Hillcrest Brewing Company	Pizza	1458 University Ave	San Diego	92103	32.7490473441558	-117.149879808813	4.0	443",
"377	Hillenbrand Farmhaus Brewery	Breweries	5100 Virginiatown Rd	Newcastle	95658	38.90022	-121.20881	4.0	78",
"378	Smashburger	Burgers	3737 Murphy Canyon Rd	San Diego	92123	32.809671	-117.115209968896	3.5	298",
"379	Hoi Polloi Brewing Taproom and Beat Lounge	Breweries	1763 Alcatraz Ave	Berkeley	94703	37.84884	-122.27218	4.5	176",
"380	Hollister Brewing Company	American (Traditional)	6980 Marketplace Dr	Goleta	93117	34.4294984800265	-119.871137279212	3.5	479",
"381	HolyCraft Brewery Taproom	Beer Bar	787 Broadway St	San Francisco	94133	37.79724	-122.41	5.0	107",
"382	Homage Brewing	Breweries	281 S Thomas St	Pomona	91766	34.057116	-117.751378	4.5	119",
"383	The Homebrewer	Breweries	2911 El Cajon Blvd	San Diego	92104	32.7550201	-117.1311035	5.0	124",
"384	Hoobyâ€™s Brewing	Breweries	9 E Main St	Winters	95694	38.52244	-121.96808	4.5	34",
"385	Hop Creek	Gastropubs	3253 Browns Valley Rd	Napa	94558	38.30435	-122.32883	4.5	220",
"386	Hop Dogma Brewing Company	Breweries	270 Capistrano Rd	Half Moon Bay	94019	37.5039929	-122.4829285	4.5	189",
"387	Hop Forged Brewing Company	Breweries	106 W 7th St	Hanford	93230	36.32682	-119.64608	4.0	4",
"388	Hop Oast Pub & Brewery	Breweries	2887 Bryant St	San Francisco	94110	37.74852	-122.40856	4.5	21",
"389	Pacific Plate Brewing Company	Breweries	1999 S Myrtle Ave	Monrovia	91016	34.1284202857798	-118.002410639525	4.5	246",
"390	Hoparazzi Brewing Co	Breweries	2910 La Palma Ave	Anaheim	92806	33.8494381	-117.8634161	4.0	114",
"391	Hoppy Brewing Company	Brewpubs	1022 2nd St	Sacramento	95814	38.5825828	-121.5046589	3.0	12",
"392	HopSaint Brewing	American (New)	5160 W 190th St	Torrance	90503	33.8576544	-118.3677193	4.0	646",
"393	Horus Aged Ales	Breweries	4040 Calle Platino	Oceanside	92056	33.20681	-117.29585	5.0	6",
"394	Korea BBQ House	Korean	123 S Onizuka St	Los Angeles	90012	34.04982	-118.242202002803	4.0	210",
"395	Zone 9 Brewing Company	Breweries	1450 Tollhouse Rd	Clovis	93611	36.82721	-119.68905	5.0	31",
"396	Santa Cruz Mountain Brewing	Breweries	402 Ingalls St	Santa Cruz	95060	36.95894	-122.04848	4.0	380",
"397	Humboldt Regeneration	Breweries	2320 Central Ave	McKinleyville	95519	40.9478232264519	-124.101044163108	5.0	41",
"398	HWY 50 Brewery	Breweries	3544 Carson Rd	Camino	95709	38.7406455	-120.6991994	4.0	31",
"399	Quality Plus Computer	IT Services & Computer Repair	14852 Pipeline Ave	Chino Hills	91709	33.9836316	-117.7152149	5.0	172",
"400	Idol Beer Works	Breweries	100 S Sacramento St	Lodi	95240	38.1324759014432	-121.27212047915	4.5	40",
"401	Idyllwild Brewpub	Brewpubs	54423 Village Center Dr	Idyllwild	92549	33.7432313	-116.712928	4.5	193",
"402	Imperial Western Beer Company	Breweries	800 N Alameda St	Los Angeles	90012	34.055713	-118.23663	4.0	202",
"403	INC 82	Breweries	7370 San Ramon Rd	Dublin	94568	37.706152	-121.937133	4.0	365",
"404	Independent Brewing Company	Breweries	444 Harrison St	Oakland	94607	37.796421	-122.271255	4.0	65",
"405	Indian Joe Brewing	Breweries	2123 Industrial Ct	Vista	92081	33.1694905096831	-117.22022542022	4.5	142",
"406	Indian Valley Brewery	Breweries	1016 Railroad Ave	Novato	94945	38.108551	-122.56557	4.5	13",
"407	Indian Wells Brewing Company	Breweries	2565 N Hwy 14	Inyokern	93527	35.66747	-117.87366	4.0	109",
"408	Indie Brewing Company	Breweries	2350 Sunrise St	Los Angeles	90023	34.0357675	-118.2226773	4.5	84",
"409	Inland Empire Brewing Co.	Breweries	1710 Palmyrita Ave	Riverside	92507	34.0040674	-117.3486558	4.5	108",
"410	Inland Wharf Brewing	Breweries	26440 Jefferson Ave	Murrieta	92562	33.5344753	-117.1781479	5.0	82",
"411	Innovation Brew Works	Breweries	3650 W Temple Ave	Pomona	91768	34.0488778799772	-117.81358346343	4.0	212",
"412	Institution Ale Company	Breweries	3841 Mission Oaks Blvd	Camarillo	93012	34.216852	-119.019113	4.5	493",
"413	Iron Fist Brewing	Breweries	1305 Hot Spring Way	Vista	92081	33.14508	-117.23905	4.5	277",
"414	Iron Springs Pub & Brewery	Breweries	765 Center Blvd	Fairfax	94930	37.985995	-122.5839888	4.0	327",
"415	Iron Triangle Brewing Company	Breweries	1581 Industrial St	Los Angeles	90021	34.0361906	-118.2357996	4.0	250",
"416	Ironfire Brewing Company	Breweries	42095 Zevo Dr	Temecula	92590	33.51177	-117.178287	4.5	98",
"417	Island Brewing Company	Breweries	5049 6th St	Carpinteria	93013	34.3959803088136	-119.520957023835	4.5	234",
"418	Jack Russell Farm Brewery	Breweries	2380 Larsen Dr	Camino	95709	38.75634	-120.67915	3.5	290",
"419	Jacked Up Brewery	Breweries	800 W Grand Ave	Escondido	92025	33.11735	-117.09163	4.5	100",
"420	Jackrabbit Brewing Company	Breweries	1323 Terminal St	West Sacramento	95691	38.5718525	-121.5413488	4.5	87",
"421	Jack's Brewing Company	Sports Bars	39176 Argonaut Way	Fremont	94538	37.54406	-121.98751	3.5	425",
"422	The Lost Abbey	Breweries	155 Mata Way	San Marcos	92069	33.1416273	-117.1492671	4.0	483",
"423	Golden Haven Hot Springs Spa and Resort	Hotels	1713 Lake St	Calistoga	94515	38.58563	-122.58072	3.5	820",
"424	JP DasBrew	Breweries	44356 S Grimmer Blvd	Fremont	94538	37.5027433498577	-121.954705408459	4.5	157",
"425	JT Schmid's Restaurant & Brewery - Anaheim	Steakhouses	2610 E Katella Ave	Anaheim	92806	33.80559	-117.87701	3.0	675",
"426	Julian Beer Company	Breweries	2307 Main St	Julian	92036	33.0790101	-116.603262	4.5	146",
"427	Junction Brewery and Grill	Bars	110 W American Canyon Rd	American Canyon	94503	38.1659726	-122.2550364	3.5	244",
"428	June Lake Brewing	Breweries	131 S Crawford Ave	June Lake	93529	37.7785932	-119.0761111	4.5	210",
"429	Jupiter	Pizza	2181 Shattuck Ave	Berkeley	94704	37.869817	-122.267597	4.0	3065",
"430	Kairoa Brewing Company	Brewpubs	4601 Park Blvd	San Diego	92116	32.7610985887158	-117.146122411021	3.5	165",
"431	Karl Strauss Brewing Company	Breweries	40868 Winchester Rd	Temecula	92591	33.52481	-117.15898	4.5	984",
"432	Karl Strauss Brewing Company	Breweries	1157 Columbia St	San Diego	92101	32.7174742	-117.1672896	4.0	1066",
"433	Karl Strauss Brewery Restaurant	Breweries	10448 Reserve Dr	San Diego	92127	33.021491	-117.113449	4.0	800",
"434	Karl Strauss Brewing Company	American (New)	2390 E Orangewood Ave	Anaheim	92806	33.795753081751	-117.882375408944	4.5	973",
"435	Karl Strauss Brewing Company	Pubs	5801 Armada Dr	Carlsbad	92008	33.1244883	-117.3140585	4.0	1359",
"436	Karl Strauss Brewing Company	American (New)	901 S Coast Dr	Costa Mesa	92626	33.6895175031242	-117.895918378372	4.0	1250",
"437	Karl Strauss Brewing Company	Breweries	1157 Columbia St	San Diego	92101	32.7174742	-117.1672896	4.0	1066",
"438	Karl Strauss Brewing Company	Breweries	600 Wilshire Blvd	Los Angeles	90017	34.0479563134481	-118.256189231247	4.5	624",
"439	Karl Strauss Brewing Company	Breweries	1044 Wall St	La Jolla	92037	32.8471024	-117.2735865	4.0	818",
"440	Karl Strauss Brewery Gardens	Venues & Event Spaces	9675 Scranton Rd	San Diego	92121	32.8967678	-117.2026702	4.0	1324",
"441	Karl Strauss Brewing Company	Breweries	1000 Universal Studios Blvd	Universal City	91608	34.1362631	-118.3538828	4.0	935",
"442	Kathrin's Biergarten	German	4810 Granite Dr	Rocklin	95677	38.7904717	-121.2236392	4.0	274",
"443	BarrelHouse Brewing - Visalia	Breweries	521 E Main St	Visalia	93292	36.3299567204013	-119.287002812965	4.0	80",
"444	Kelly Brewing Company	Breweries	70 E 4th St	Morgan Hill	95037	37.12778	-121.6502	4.5	48",
"445	Kelsey Creek Brewing	Breweries	3945 Main St	Kelseyville	95451	38.97758	-122.8385	4.5	35",
"446	Kensington Brewing Company	Breweries	4067 Adams Ave	San Diego	92116	32.7630690045335	-117.107921081597	4.5	64",
"447	Kern River Brewing Company	Breweries	13415 Sierra Hwy	Kernville	93238	35.7578661939949	-118.419324159622	4.0	464",
"448	Eureka!	Burgers	10520 W Stockdale Hwy	Bakersfield	93311	35.3520172814669	-119.119198322296	4.0	722",
"449	Ketch Brewing	Breweries	7889 Ostrow St	San Diego	92111	32.81315	-117.15545	4.5	25",
"450	Kilokilo Brewing Company	Breweries	3340 Ramada Dr	Paso Robles	93446	35.573436	-120.696916	4.5	10",
"451	Kilowatt Brewing	Breweries	1875 Cable St	San Diego	92107	32.74533	-117.24947	4.5	102",
"452	Bike Dog Broadway Taproom	Brewpubs	915 Broadway	Sacramento	95818	38.56442	-121.50108	4.0	69",
"453	King Harbor Brewing Company	Breweries	2907 182nd St	Redondo Beach	90278	33.8659057	-118.3561142	4.0	103",
"454	Kings Brewing	Breweries	8560 Vineyard Ave	Rancho Cucamonga	91730	34.0984	-117.61206	4.5	216",
"455	Knee Deep Brewing Company Tap Room	Breweries	13395 New Airport Rd	Auburn	95602	38.9518166	-121.0801721	4.5	348",
"456	Knotty Brewing Co	Breweries	842 Market St	San Diego	92101	32.7117583920251	-117.156862691045	4.0	33",
"457	Slater's 50/50 - Anaheim Hills	Burgers	6362 E Santa Ana Canyon Rd	Anaheim	92807	33.8563838347196	-117.770539256882	4.0	3801",
"458	K-OZ Restaurant and Brewery	American (New)	121 7th St	San Francisco	94103	37.77868	-122.40988	3.5	103",
"459	Modern Times DTLA Dankness Dojo	Brewpubs	832 S Olive St	Los Angeles	90014	34.0443911	-118.2576348	4.0	382",
"460	La Quinta Brewing Co	Breweries	77917 Wildcat Dr	Palm Desert	92211	33.76473	-116.30532	4.5	120",
"461	La Verne Brewing Company	Breweries	2125 Wright Ave	La Verne	91750	34.095562	-117.771711	4.0	130",
"462	Twisted Oak Tavern	Bars	30105 Agoura Rd	Agoura Hills	91301	34.14561	-118.77861	4.0	405",
"463	Ladyface Alehouse & Brasserie	American (New)	29281 Agoura Rd	Agoura Hills	91301	34.143901	-118.762897	3.5	963",
"464	Laguna Beach Beer Company - Rancho Santa Margarita	Breweries	29851 Aventura D	Rancho Santa Margarita	92688	33.63661	-117.60958	4.5	112",
"465	Laguna Beach Brewery & Grille	Breweries	237 Ocean Ave	Laguna Beach	92651	33.54283	-117.78354	4.5	322",
"466	Lagunitas Brewing Company	Breweries	1280 N McDowell Blvd	Petaluma	94954	38.27242	-122.66237	4.5	1877",
"467	Lake Tahoe AleWorX	Breweries	2050 Lake Tahoe Blvd	South Lake Tahoe	96150	38.913256	-120.002339	4.0	383",
"468	Lassen Ale Works	American (New)	724 Main St	Susanville	96130	40.41811	-120.661045	4.0	297",
"469	Last Call Brewing	Breweries	159 N 1st Ave	Oakdale	95361	37.766583	-120.850126	4.5	37",
"470	Last Name Brewing	Breweries	2120 Porterfield Way	Upland	91786	34.1090599387778	-117.690837903348	4.5	340",
"471	Latchkey Brewing Company	Breweries	1795 Hancock St	San Diego	92110	32.7424694	-117.1846678	5.0	24",
"472	Latitude 33 Brewing	Breweries	1430 Vantage Ct	Vista	92081	33.136069	-117.224897	4.0	168",
"473	Laughing Monk Brewing	Beer Bar	1439 Egbert Ave	San Francisco	94124	37.7229406265001	-122.393383226	4.5	93",
"474	Golden Road Brewing	Breweries	5410 W San Fernando Rd	Los Angeles	90039	34.15064	-118.274453	4.0	2296",
"475	Lazy Duck Brewing	Breweries	1723 Rogers Ave	San Jose	95112	37.37548	-121.90891	4.5	26",
"476	Leashless Brewing	Breweries	585 E Thompson Blvd	Ventura	93001	34.27849	-119.2918	4.0	93",
"477	Left Coast Brewing Company	Breweries	1245 Puerta Del Sol	San Clemente	92673	33.457777	-117.5887727	4.5	121",
"478	Left Coast Brewing Co - Irvine	Barbeque	6652 Irvine Center Dr	Irvine	92618	33.66824	-117.76296	3.5	240",
"479	Legacy Brewing Co	Breweries	363 Airport Rd	Oceanside	92058	33.2154729876819	-117.350640892982	4.0	136",
"480	Legends Craft Brewery	Breweries	1301 S Lewis St	Anaheim	92805	33.8164143332197	-117.898888999417	4.5	178",
"481	Lengthwise Brewing Company	Breweries	7700 District Blvd	Bakersfield	93313	35.3141270187176	-119.087525269836	4.5	363",
"482	Liberation Brewing Co	Breweries	3630 Atlantic Ave	Long Beach	90807	33.8231670587409	-118.184719043931	4.5	53",
"483	Libertine Brewing Company	Breweries	1234 Broad St	San Luis Obispo	93401	35.2776799	-120.66307	4.0	190",
"484	Lightning Brewery	Breweries	13200 Kirkham Way	Poway	92064	32.93549	-117.0435	4.5	145",
"485	Lincoln Beer Company	Breweries	3083 N Lima St	Burbank	91504	34.2059799	-118.34686	4.5	209",
"486	Oaktoberfest in the Dimond	Festivals	Dimond District	Oakland	94602	37.8040733337402	-122.207061767578	4.0	48",
"487	Little Miss Brewing	Breweries	7949 Stromesa Ct	San Diego	92126	32.8916931152344	-117.148506164551	4.5	203",
"488	Local Brewing Co	Breweries	69 Bluxome St	San Francisco	94107	37.77648	-122.39682	4.5	134",
"489	Local Craft Beer	Breweries	365 Enterprise Way	Tehachapi	93561	35.136643	-118.454828	4.5	68",
"490	Lodi Beer Co	Breweries	105 S School St	Lodi	95240	38.1326422	-121.2739827	4.0	748",
"491	Loma Brewing Company	Breweries	130 N Santa Cruz Ave	Los Gatos	95030	37.2252873	-121.9823038	4.0	340",
"492	Long Beach Beer Lab	Breweries	518 W Willow St	Long Beach	90806	33.8042235476715	-118.198666799389	4.5	152",
"493	Longship Brewery	Breweries	10320 Camino Santa Fe	San Diego	92121	32.90419	-117.17192	4.5	154",
"494	Loomis Basin Brewing Company	Breweries	3277 Swetzer Rd	Loomis	95650	38.83194	-121.19048	4.0	135",
"495	Los Angeles Ale Works	Breweries	12918 Cerise Ave	Hawthorne	90250	33.9152236	-118.3323751	4.5	172",
"496	Lost Coast Brewery	Breweries	1600 Sunset Dr	Eureka	95503	40.767108	-124.1893824	4.5	63",
"497	Six Rivers Brewery	Pubs	1300 Central Ave	McKinleyville	95519	40.9289337694645	-124.100931510329	3.5	486",
"498	10 Torr Distilling and Brewing	Breweries	490 Mill St	Reno	89502	39.52544	-119.80581	4.5	91",
"499	Lost Winds Brewing	Breweries	924 Calle Negocio	San Clemente	92673	33.4516	-117.60707	4.5	89",
"500	Speakeasy Ales & Lagers	Breweries	1195 Evans Ave	San Francisco	94124	37.7380942813543	-122.380521448905	4.5	402",
"501	Lucky Luke Brewing	Breweries	610 W Ave O	Palmdale	93551	34.6161911232832	-118.141119393572	4.5	87",
"502	M. Special Brewing Company	Breweries	6860 Cortona Dr	Goleta	93117	34.432786	-119.868537	4.5	122",
"503	Mad Duck Craft Brewing	American (New)	3085 E Campus Pointe Dr	Fresno	93710	36.8117322758	-119.734650422	3.5	366",
"504	Mad Fritz Brewing	Breweries	393 La Fata St	Saint Helena	94574	38.4985286297413	-122.457297338456	5.0	19",
"505	Mad River Brewing Company	Pubs	101 Taylor Way	Blue Lake	95525	40.8787348	-123.9920833	4.0	155",
"506	MadeWest Brewing Company	Breweries	1744 Donlon St	Ventura	93003	34.2556459715321	-119.237733880503	4.5	163",
"507	Magnolia Haight	Breweries	1398 Haight St	San Francisco	94117	37.7703644	-122.4451952	3.5	1762",
"508	Magnolia Dogpatch	American (New)	2505 3rd St	San Francisco	94107	37.7577823468635	-122.388138502442	4.0	61",
"509	Lamppost Pizza Main Street Brewery	Pizza	493 N Main St	Corona	92880	33.8863838	-117.5643532	4.0	241",
"510	Mammoth Brewing Co	Breweries	18 Lake Mary Rd	Mammoth Lakes	93546	37.648735	-118.983491	4.0	507",
"511	ManRock Brewing	Breweries	1750 El Camino Real	Grover Beach	93433	35.129473	-120.608468	4.0	142",
"512	Mare Island Brewing Co - Coal Shed Brewery	Beer Tours	851 Waterfront Ave	Vallejo	94592	38.0934040728573	-122.263315050295	4.5	12",
"513	Mare Island Brewing - Ferry Taproom	Breweries	289 Mare Island Way	Vallejo	94590	38.10052	-122.26305	4.0	303",
"514	Marin Brewing Company	Breweries	1809 Larkspur Landing Cir	Larkspur	94939	37.9475358029827	-122.509617441589	3.0	763",
"515	Mason Ale Works Tasting Room + Kitchen	Brewpubs	5550 Carmel Mountain Rd	San Diego	92130	32.92889	-117.197552	4.0	50",
"516	Indie Brewing Company	Breweries	2350 Sunrise St	Los Angeles	90023	34.0357675	-118.2226773	4.5	84",
"517	Half Door Brewing	Brewpubs	903 Island Ave	San Diego	92101	32.710263	-117.156272	4.5	614",
"518	Mike Hess Brewing Company	Breweries	3812 Grim Ave	San Diego	92104	32.747702	-117.128543	4.5	516",
"519	Mike Hess Brewing Company	Breweries	7955 Silverton Ave	San Diego	92126	32.8895174875323	-117.149977037199	4.5	192",
"520	AleSmith Brewing Company	Breweries	9990 AleSmith Ct	San Diego	92126	32.8873241	-117.1493986	4.5	410",
"521	Mill Valley Beerworks	Breweries	173 Throckmorton Ave	Mill Valley	94941	37.9053295311584	-122.549388489592	3.5	396",
"522	Mission Brewery	Breweries	1441 L St	San Diego	92101	32.70715	-117.151592	4.5	683",
"523	Modern Times DTLA Dankness Dojo	Brewpubs	832 S Olive St	Los Angeles	90014	34.0443911	-118.2576348	4.0	382",
"524	Modern Times Beer	Beer"," Wine & Spirits	3725 Greenwood St	San Diego	92110	32.754201	-117.206172011657	4.0	605"
"525	Modern Times Beer	Beer"," Wine & Spirits	3725 Greenwood St	San Diego	92110	32.754201	-117.206172011657	4.0	605"
"526	Moksa Brewing	Breweries	5860 Pacific St	Rocklin	95677	38.78198	-121.24237	4.0	129",
"527	DOSA on Fillmore	Indian	1700 Fillmore St	San Francisco	94115	37.78535	-122.43284	4.0	2945",
"528	Monkish Brewing	Breweries	20311 S Western Ave	Torrance	90501	33.8463036683013	-118.310320500073	4.5	591",
"529	The Monk's Cellar	Pubs	240 Vernon St	Roseville	95678	38.7496666556839	-121.283257303123	4.0	757",
"530	Monterey Coast Brewing Company	Breweries	165 Main St	Salinas	93901	36.675885	-121.6553101	3.5	235",
"531	Moonlight Brewing	Breweries	3350 Coffey Ln	Santa Rosa	95403	38.471657	-122.7445912	4.5	61",
"532	Knee Deep Brewing Company Tap Room	Breweries	13395 New Airport Rd	Auburn	95602	38.9518166	-121.0801721	4.5	348",
"533	Morgan Territory Brewing	Breweries	1885 North Macarthur Dr	Tracy	95376	37.74727	-121.4125	4.5	80",
"534	The Lost Abbey	Breweries	155 Mata Way	San Marcos	92069	33.1416273	-117.1492671	4.0	483",
"535	Mount Shasta Brewing	Breweries	360 College Ave	Weed	96094	41.416053	-122.387038	3.5	192",
"536	Mountain Rambler Brewery	American (New)	186 S Main St	Bishop	93514	37.360666	-118.394345	4.5	335",
"537	Moylan's Brewery & Restaurant	Breweries	15 Rowland Way	Novato	94945	38.09409	-122.55678	3.5	491",
"538	Mraz Brewing Company	Breweries	2222 Francisco Dr	El Dorado Hills	95762	38.710145314471	-121.086199626316	4.0	99",
"539	Mt. Lowe Brewing Co.	Breweries	150 E St Joseph St	Arcadia	91006	34.1432795144239	-118.026146721405	4.5	369",
"540	Mumford Brewing	Breweries	416 Boyd St	Los Angeles	90013	34.0462976495746	-118.242166265845	4.5	262",
"541	Napa Palisades Saloon	Sports Bars	1000 Main St	Napa	94559	38.2994709257628	-122.285556183467	4.5	297",
"542	Napa Smith Brewery	Breweries	101 Yolano Dr	Vallejo	94589	38.13168	-122.25868	4.5	67",
"543	Calistoga Wine Way Inn	Bed & Breakfast	1019 Foothill Blvd	Calistoga	94515	38.5748208647324	-122.579907343378	4.5	106",
"544	Naughty Oak Brewing	Breweries	165 Broadway St	Orcutt	93455	34.864925	-120.448265	4.5	55",
"545	Network Brewery	Breweries	1824 Carnegie Ave	Santa Ana	92705	33.7108288956475	-117.845680117607	4.5	110",
"546	New Bohemia Brewing Company	Breweries	1030 41st Ave	Santa Cruz	95062	36.966611	-121.964622	4.5	124",
"547	Societe Brewing Company	Breweries	8262 Clairemont Mesa Blvd	San Diego	92111	32.833889	-117.146375	4.0	602",
"548	New Glory Craft Brewery	Breweries	8251 Alpine Ave	Sacramento	95826	38.53601	-121.40216	4.5	151",
"549	New Helvetia Brewing Company	Breweries	1730 Broadway	Sacramento	95818	38.5607	-121.48997	4.0	216",
"550	Nickel Beer Company	Breweries	1485 Hollow Glen Rd	Julian	92036	33.076537	-116.590485	4.5	141",
"551	Night Lizard Brewing Company	Breweries	607 State St	Santa Barbara	93101	34.4179179486887	-119.697154071494	5.0	61",
"552	No Clue Craft Brewery	Breweries	9037 Arrow Rt	Rancho Cucamonga	91730	34.0980255250878	-117.608192972839	4.0	100",
"553	Noble Ale Works	Breweries	1621 S Sinclair St	Anaheim	92806	33.80841	-117.8828	4.5	546",
"554	Nor Cal Brewing Company	Breweries	180 Erma Ct	Chico	95928	39.71479	-121.82256	5.0	8",
"555	North Park Beer Company	Breweries	3038 University Ave	San Diego	92104	32.7487183	-117.1291179	4.0	282",
"556	Northern Pine Brewing	Breweries	326 N Horne St	Oceanside	92054	33.19979	-117.37674	4.5	52",
"557	Skunk Train	Tours	100 W Laurel St	Fort Bragg	95437	39.4454116821289	-123.806861877441	4.0	218",
"558	Novel Brewing Company	Breweries	6510 San Pablo Ave	Oakland	94608	37.84844	-122.28512	4.5	109",
"559	Novo Brazil Brewing	Breweries	901 Lane Ave	Chula Vista	91914	32.652029	-116.961474	4.0	220",
"560	Craftsman Brewing Company	Breweries	1260 Lincoln Ave	Pasadena	91103	34.1677048	-118.1594351	4.5	39",
"561	Oak Hills Brewing	Breweries	12221 Poplar St	Hesperia	92344	34.4154205322266	-117.396263122559	4.0	91",
"562	Oak Park Brewing Co.	Burgers	3514 Broadway	Sacramento	95817	38.55065	-121.46809	4.0	11",
"563	Oakland United Beerworks	Beer Bar	262 2nd St	Oakland	94607	37.7944462	-122.2718755	5.0	13",
"564	OB Brewery	Breweries	5041 Newport Ave	San Diego	92107	32.7472388290092	-117.251900061965	4.0	309",
"565	Ocean View Brew Works	Breweries	627 San Pablo Ave	Albany	94706	37.8940865984598	-122.299957058374	4.5	51",
"566	Oceanside Brewing Company	Breweries	312-314 Via Del Norte	Oceanside	92058	33.212825147618	-117.352234328172	5.0	115",
"567	Oda Restaurant and Brewery	Breweries	1500 Owens St	San Francisco	94158	37.76884	-122.39577	4.0	110",
"568	Off the Grid Brewing Company	Brewpubs	13615 John Glenn Rd	Apple Valley	92308	34.49894	-117.18279	4.5	39",
"569	Off The Rails Brewing	Breweries	111 S Murphy Ave	Sunnyvale	94086	37.37743	-122.03027	4.0	97",
"570	Oggi's Sports I Brewhouse I Pizza	Pizza	10155 Rancho Carmel Dr	San Diego	92128	32.9655615	-117.089808	3.5	367",
"571	Oggi's Sports I Brewhouse I Pizza	Pizza	2245 Fenton Parkway	Mission Valley	92108	32.7799	-117.1289	3.0	615",
"572	Oggi's Sports I Brewhouse I Pizza	Breweries	19201-D Bear Valley Rd	Apple Valley	92308	34.470336	-117.244969	4.0	313",
"573	Ogopogo Brewing	Breweries	864 Commercial Ave	San Gabriel	91776	34.0959645641285	-118.088698289207	5.0	85",
"574	Ohana Brewing Company	Breweries	7 S 1st St	Alhambra	91801	34.0943672	-118.1279187	4.5	156",
"575	AZU Restaurant & Ojai Valley Brewery	Mediterranean	457 E Ojai Ave	Ojai	93023	34.44774	-119.242	3.5	471",
"576	Ol' Republic Brewery	Breweries	124 Argall Way	Nevada City	95959	39.2527602	-121.0244962	4.0	68",
"577	BJ's Restaurant & Brewhouse	American (New)	121 Stonewood St	Downey	90241	33.936643	-118.121638	3.0	732",
"578	Old Caz Beer	Breweries	5625 State Farm Dr	Rohnert Park	94928	38.356404	-122.709901	5.0	3",
"579	Old Hangtown Beer Works	Breweries	11327 Trade Center Dr	Rancho Cordova	95742	38.6072	-121.26376	4.5	28",
"580	Old Kan Beer & Co	Beer Bar	95 Linden St	Oakland	94607	37.79966	-122.28786	4.5	82",
"581	Old Possum Brewing Co.	Breweries	357 Sutton Pl	Santa Rosa	95407	38.391027518322	-122.72612919493	4.5	49",
"582	Old Stump Brewing Company	Breweries	2896 Metropolitan Pl	North Pomona	91767	34.0976547250716	-117.753932615344	4.0	205",
"583	O'Meara Bros Brewing Company	Brewpubs	901 Bevins St	Lakeport	95453	39.0351867367536	-122.924638154849	4.0	177",
"584	Origin Brewer	Breweries		Richmond	94801	37.9357576	-122.3477486	5.0	1",
"585	Original Pattern Brewing Company	Breweries	292 4th St	Oakland	94607	37.796128	-122.27143	4.5	60",
"586	Yeast of Eden	Tapas/Small Plates	Ocean Avenue & Mission Street	Carmel-by-the-Sea	93921	36.554046855334	-121.920545954708	4.0	131",
"587	Out of Bounds Brewing Company	Breweries	4480 Yankee Hill Rd	Rocklin	95677	38.7990070723348	-121.2294819206	4.0	236",
"588	Outbreak Brewing	Breweries	640 Main St	Placerville	95667	38.729143	-120.794478	4.0	46",
"589	Over Town Brewing Co.	Breweries	227 W Maple Ave	Monrovia	91016	34.14179	-118.00421	5.0	16",
"590	Overtime Brewing Company	Brewpubs	190 E Elm St	Fort Bragg	95437	39.4516528677964	-123.80467582494	4.5	69",
"591	Pacific Beach AleHouse	Breweries	721 Grand Ave	San Diego	92109	32.79425	-117.25526	3.5	1364",
"592	Alvarado Street Brewery	Breweries	426 Alvarado St	Monterey	93940	36.59931	-121.89492	4.0	1142",
"593	Pacific Islander Beer Company	Breweries	8665 Argent St	Santee	92071	32.8333932646449	-116.988846771419	4.5	88",
"594	Pacific Plate Brewing Company	Breweries	1999 S Myrtle Ave	Monrovia	91016	34.1284202857798	-118.002410639525	4.5	246",
"595	Packinghouse Brewing Company	Breweries	6421 Central Ave	Riverside	92504	33.95426	-117.43978	4.5	133",
"596	Palm Tree Brewing	Breweries	8844 Greenback Ln	Orangevale	95662	38.67817	-121.22819	5.0	12",
"597	Santa Palmia	Apartments	150 Palm Valley Blvd	San Jose	95123	37.2418968	-121.8072373	2.5	55",
"598	The Tap Room	Beer Bar	233 University Ave	Palo Alto	94301	37.44533	-122.16253	4.0	109",
"599	Palooza Brewery & Gastropub	American (New)	8910 Sonoma Hwy	Kenwood	95452	38.4192199645896	-122.551465855725	4.0	269",
"600	Papa Marce's Cerveceria	Breweries	5840 El Camino Real	Carlsbad	92008	33.1348702980376	-117.269899696112	5.0	33",
"601	Barnes & Noble	Bookstores	210 Americana Way	Glendale	91210	34.143335825386	-118.25660004895	3.5	302",
"602	Paraiso Brewery	Venues & Event Spaces	80 G St	Los Banos	93635	37.067572	-120.854863	4.5	39",
"603	Pariah Brewing Company	Breweries	3052 El Cajon Blvd	San Diego	92104	32.7557199	-117.12873	4.5	64",
"604	Paso Robles Casino	Casinos	1144 Black Oak Dr	Paso Robles	93446	35.6447854	-120.6870439	4.0	25",
"605	Paystreak Brewing	Breweries	449 Main St	Etna	96027	41.4562481277814	-122.894278818247	4.5	13",
"606	Pedro Point Brewing	Breweries	55A Bill Drake Way	Pacifica	94044	37.6513309978664	-122.492178038696	5.0	70",
"607	Pentagonal Brewing Company	Breweries	115 N Imperial Ave	Imperial	92251	32.847754	-115.57045	4.0	19",
"608	Peter B's Brewpub	Breweries	2 Portola Plz	Monterey	93940	36.602413	-121.894806	4.0	865",
"609	Phantom Ales	Breweries	1211 N Las Brisas St	Anaheim	92806	33.85404	-117.8668	4.5	464",
"610	Phantom Carriage Brewery	Breweries	18525 S Main St	Carson	90248	33.861801840497	-118.27620951987	4.5	562",
"611	Pine & Palm Brewing	Breweries	352 W Bedford Ave	Fresno	93712	36.8463601	-119.7978724	4.5	42",
"612	Woods Polk Station	Breweries	2255 Polk St	San Francisco	94109	37.7976772	-122.4224784	4.0	70",
"613	Pismo Brewing Company	Breweries	500 Cypress St	Pismo Beach	93449	35.1390422	-120.6408786	3.5	150",
"614	Pizza Port Bressi Ranch	Pizza	2730 Gateway Rd	Carlsbad	92009	33.1283833252746	-117.25021150388	3.5	545",
"615	Pizza Port	Pizza	571 Carlsbad Village Dr	Carlsbad	92008	33.1598323	-117.3478227	3.5	1923",
"616	Pizza Port Ocean Beach	Pizza	1956 Bacon St	San Diego	92107	32.74809	-117.25027	4.0	1240",
"617	Pizza Port	Pizza	301 N El Camino Real	San Clemente	92672	33.42889	-117.61354	4.0	833",
"618	Pizza Port Solana Beach	Pizza	135 N Hwy 101	Solana Beach	92075	32.9929237365723	-117.272216796875	4.0	1384",
"619	Placerville Brewing Company	Pubs	155 Placerville Dr	Placerville	95667	38.72578	-120.83649	3.0	169",
"620	Plan 9 Alehouse	Gastropubs	155 E Grand Ave	Escondido	92025	33.122076	-117.080342	4.0	553",
"621	McKay's Taphouse & Beer Garden	Beer Gardens	252 Main St	Pleasanton	94566	37.65812	-121.87683	4.0	236",
"622	Plow Brewing Company	Breweries	3334 Industrial Dr	Santa Rosa	95403	38.47622	-122.73972	4.5	58",
"623	Pocock Brewing Company	Breweries	24907 Ave Tibbitts	Santa Clarita	91355	34.433527137686	-118.568753041327	4.5	113",
"624	Lagunitas Brewing Company	Breweries	1280 N McDowell Blvd	Petaluma	94954	38.27242	-122.66237	4.5	1877",
"625	Lagunitas Brewing Company	Breweries	1280 N McDowell Blvd	Petaluma	94954	38.27242	-122.66237	4.5	1877",
"626	Poor House Brewing Company	Breweries	4494 30th St	San Diego	92116	32.75897	-117.1304	4.0	195",
"627	The Lost Abbey	Breweries	155 Mata Way	San Marcos	92069	33.1416273	-117.1492671	4.0	483",
"628	Port O'Pints Brewing	Brewpubs	1215 Northcrest Dr	Crescent City	95531	41.7674792657551	-124.198485799134	5.0	88",
"629	Brouwerij West	Breweries	110 E 22nd St	San Pedro	90731	33.7257694	-118.2802782	4.5	296",
"630	Poseidon Brewing Company	Breweries	5777 Olivas Park Dr	Ventura	93003	34.2441504274528	-119.209768138826	4.5	134",
"631	New English Brewing	Breweries	11545 Sorrento Valley Rd	San Diego	92121	32.912231015057	-117.231807329639	4.0	104",
"632	Progress Brewing	Breweries	1822 Chico Ave	South El Monte	91733	34.049919	-118.059805	4.5	317",
"633	Prohibition Brewing	Brewpubs	2004 E Vista Way	Vista	92084	33.23045	-117.22684	4.0	555",
"634	Promised Land Brewing Company	Breweries	7419 Monterey St	Gilroy	95020	37.00697	-121.56917	4.5	12",
"635	Pure Order Brewing	Breweries	410 N Quarantina St	Santa Barbara	93103	34.4236787311693	-119.686568478654	4.5	78",
"636	Pure Project	Breweries	9030 Kenamar Dr	San Diego	92121	32.8873375	-117.1555986	4.5	630",
"637	Kilowatt Brewing	Breweries	7576 Clairemont Mesa Blvd	San Diego	92111	32.8333702	-117.1560135	4.5	191",
"638	Red Branch Cider Company	Cideries	1246 Birchwood Dr	Sunnyvale	94089	37.404441	-121.992006	4.5	16",
"639	Red Bus Brewing Company	Breweries	802A Reading St	Folsom	95630	38.67065	-121.17608	4.5	53",
"640	Red Car	Brewpubs	1266 Sartori Ave	Torrance	90501	33.83574	-118.31597	4.0	465",
"641	Red Tandem Brewery	Breweries	1009 Harbor Blvd	Oxnard	93035	34.1909708	-119.2391575	4.0	107",
"642	Redwood Curtain Brewing Company	Breweries	550 S G St	Arcata	95521	40.85693	-124.08857	4.5	152",
"643	Boomtown Brewery	Breweries	700 Jackson St	Los Angeles	90012	34.05081	-118.23311	4.5	354",
"644	Relentless Brewing	Breweries	42030 Avenida Alvarado	Temecula	92590	33.512217476964	-117.167941555381	4.5	59",
"645	Rescue Brewing	Breweries	167 N 2nd Ave	Upland	91786	34.095622557114	-117.648753672838	4.5	128",
"646	Resident Brewing Company	Breweries	1065 Fourth Ave	San Diego	92101	32.7166501713257	-117.160793580144	4.5	91",
"647	REV Winery and Brewing Co	Wine Tasting Room	1580 W San Bernadino Rd	Covina	91722	34.0889549	-117.9225998	4.5	304",
"648	Revolt Brewing Co	Breweries	8939 Vernon Ave	Montclair	91763	34.09143	-117.68573	5.0	12",
"649	Riip Beer Company	Breweries	17214 Pacific Coast Hwy	Huntington Beach	92647	33.7127294078027	-118.063354686822	4.5	209",
"650	Riley's Brew Pub	Pubs	2674 Owens Mountain Pkwy	Clovis	93611	36.8449698486589	-119.663300688229	4.0	270",
"651	The Vineyard Restaurant & Bar	American (New)	605 S I St	Madera	93637	36.9541378	-120.0580015	4.0	214",
"652	Rincon Brewery	Breweries	5065 Carpinteria Ave	Carpinteria	93013	34.3983	-119.51799	4.0	348",
"653	Rip Current Brewing	Breweries	1325 Grand Ave	San Marcos	92078	33.142854706194	-117.192497875937	4.5	182",
"654	Rip Current Brewing	Breweries	4101 30th St	San Diego	92104	32.7523949	-117.1299178	4.0	192",
"655	Ritual Brewing	Breweries	1315 Research Dr	Redlands	92374	34.0705779334844	-117.23702788353	4.5	237",
"656	River City Brewing Company	Breweries	6241 Fair Oaks Blvd	Carmichael	95608	38.615086	-121.329941	3.5	527",
"657	River Rock Brewery	Breweries	807 C St	Galt	95632	38.2529907226562	-121.300811767578	4.5	14",
"658	Rock Bottom Restaurant & Brewery	Breweries	8980 La Jolla Village Dr	La Jolla	92037	32.8713685	-117.2341271	3.0	880",
"659	Rock Bottom Restaurant & Brewery	Breweries	1 Pine Ave	Long Beach	90802	33.7673364600009	-118.192560588955	3.0	1005",
"660	Rock Bottom Restaurant & Brewery	Breweries	1875 S Bascom Ave	Campbell	95008	37.2889692728975	-121.934047009926	3.0	1418",
"661	Creek Monkey Tap House	Brewpubs	611 Escobar St	Martinez	94553	38.017665116466	-122.137941574062	3.5	501",
"662	Rocky Hill Brewing	Breweries	20147 Ave 306	Exeter	93221	36.342285550935	-119.126785659129	4.5	30",
"663	Devon's Flower Patch	Florists	214 W Line St	Bishop	93514	37.3610572814941	-118.396553039551	4.5	9",
"664	Rosesâ€™ Taproom	Breweries	4930 Telegraph Ave	Oakland	94609	37.8363487289743	-122.262261807919	4.0	85",
"665	Rough Draft Brewing Company	Breweries	8830 Rehco Rd	San Diego	92121	32.883619	-117.171625	4.0	203",
"666	Rouleur Brewing Company	Breweries	5840 El Camino Real	Carlsbad	92008	33.1348480769806	-117.269949	4.5	75",
"667	Route 30 Brewing Company	Breweries	9860 Indiana Ave	Riverside	92503	33.9102	-117.44804	5.0	63",
"668	Rowdy's Brew Co	Breweries	10002 6th St	Rancho Cucamonga	91730	34.08567	-117.58745	4.5	111",
"669	BJ's Restaurant & Brewhouse	Pizza	2917 Eastland Center Dr	West Covina	91791	34.072369	-117.883645	3.0	988",
"670	Steele & Hops	Pizza	1901 Mendocino Ave	Santa Rosa	95401	38.459197	-122.717628	4.0	282",
"671	Ruhstaller Shop	Breweries	800 Business Park Dr	Dixon	95620	38.4534912	-121.8196192	4.5	23",
"672	Ruhstaller Beer	Breweries	726 K St	Sacramento	95814	38.57977	-121.49695	4.5	125",
"673	Russian River Brewing	Brewpubs	700 Mitchell Ln	Windsor	95492	38.532006	-122.800153	3.5	216",
"674	Russian River Brewing	Pizza	725 4th St	Santa Rosa	95404	38.4418	-122.71164	4.0	2939",
"675	Russian River Brewing	Pizza	725 4th St	Santa Rosa	95404	38.4418	-122.71164	4.0	2939",
"676	Sacrament Brewing	Breweries	1616 J St	Sacramento	95814	38.5775999	-121.48462	3.5	24",
"677	Sacrilege Brewery + Kitchen	Breweries	730 Main St	Half Moon Bay	94019	37.4609296	-122.4298631	4.0	229",
"678	Sage Vegan Bistro - Echo Park	Vegan	1700 Sunset Blvd	Los Angeles	90026	34.077123	-118.258714	4.0	2074",
"679	Saint Archer Brewing Co	Breweries	978 N Coast Hwy 101	Encinitas	92024	33.0659358649034	-117.302930348592	4.5	31",
"680	Karl Strauss Brewing Company	American (New)	901 S Coast Dr	Costa Mesa	92626	33.6895175031242	-117.895918378372	4.0	1250",
"681	San Diego Brewing	Breweries	10450 Friars Rd	San Diego	92120	32.792159	-117.098768	3.5	535",
"682	San Fernando Brewing Company	Breweries	425 Park Ave	San Fernando	91340	34.2831195600223	-118.431856415992	4.5	203",
"683	San Francisco Brewing	Breweries	3150 Polk St	San Francisco	94109	37.805594	-122.423519	3.5	175",
"684	San Marcos Brewery and Grill	Breweries	1080 W San Marcos Blvd	San Marcos	92078	33.1342560052872	-117.190399691463	3.5	350",
"685	San Pedro Brewing Company	Sports Bars	331 W 6th St	San Pedro	90731	33.7386151	-118.2841729	3.5	509",
"686	Sanctum Brewing Co	Breweries	560 E Commercial St	Pomona	91767	34.059655	-117.740158	4.5	195",
"687	Sandbox Brewing	Breweries	4650 E Arrow Hwy	Montclair	91763	34.092917	-117.704001	4.5	19",
"688	Santa Clara Valley Brewing"," Inc	Breweries	101 E Alma Ave	San Jose	95112	37.3173409	-121.8730621	4.0	88"
"689	Santa Cruz Mountain Brewing	Breweries	402 Ingalls St	Santa Cruz	95060	36.95894	-122.04848	4.0	380",
"690	Santa Maria Brewing	Breweries	1451 Fairway Dr	Santa Maria	93455	34.913854	-120.4628942	4.5	20",
"691	Santa Monica Brew Works	Brewpubs	1920 Colorado Ave	Santa Monica	90404	34.02527	-118.47694	4.5	213",
"692	Sante Adairius Rustic Ales	Breweries	103 Kennedy Dr	Capitola	95010	36.983231	-121.949517	4.5	167",
"693	Sauced BBQ & Spirits - Livermore	Barbeque	2300 1st St	Livermore	94550	37.6827419923371	-121.767890453339	3.5	1938",
"694	Savagewood Brewing Company	Breweries	9879 Hibert St	San Diego	92131	32.9132697	-117.1128124	4.5	36",
"695	Scholb Premium Ales	Breweries	2964 Columbia St	Torrance	90503	33.843177	-118.339221	4.5	132",
"696	Seabright Brewery	Brewpubs	519 Seabright Ave	Santa Cruz	95062	36.96755	-122.00827	3.5	622",
"697	SeaQuake Brewing	Pizza	400 Front St	Crescent City	95531	41.7495193481445	-124.200035095215	4.5	309",
"698	Seaward Brewing	Breweries	1920 Goodyear Ave	Ventura	93003	34.25559	-119.23179	5.0	24",
"699	Second Chance Beer Company	Breweries	15378 Ave Of Science	San Diego	92128	32.9944149568131	-117.081278814235	4.5	224",
"700	Second Son Brews	Breweries	12810 Rd 38	Madera	93636	36.93477	-119.8586	5.0	7",
"701	Creek Monkey Tap House	Brewpubs	611 Escobar St	Martinez	94553	38.017665116466	-122.137941574062	3.5	501",
"702	Sequoia Brewing Company	Breweries	1188 E Champlain Dr	Fresno	93720	36.8716865217941	-119.763618560224	3.5	185",
"703	Seven Stills	Breweries	1439 Egbert Ave	San Francisco	94107	37.7230425	-122.3935658	4.5	136",
"704	Shadow Puppet Brewing Company	Breweries	4771 Arroyo Vista	Livermore	94551	37.69916	-121.73874	4.5	161",
"705	Shady Oak Barrel House	Breweries	420 1st St	Santa Rosa	95401	38.4371941	-122.7150463	4.5	13",
"706	Shanty Shack Brewing	Breweries	138 Fern St	Santa Cruz	95060	36.9861680845139	-122.031814455986	4.5	63",
"707	W A Thompson Distributing	Beer"," Wine & Spirits	45545 Trevor Ave	Lancaster	93534	34.71041	-118.13631	1.0	2"
"708	Sidellis Lake Tahoe	Breweries	3350 Sandy Way	South Lake Tahoe	96150	38.944691	-119.969484	4.5	196",
"709	Sierra Nevada Taproom & Restaurant	Breweries	1075 E 20th St	Chico	95928	39.72469	-121.81436	4.0	1002",
"710	Silva Brewing	Breweries	525 Pine St	Paso Robles	93446	35.6202434789463	-120.688656784814	4.5	33",
"711	Siskiyou Brew Works	Pizza	110 Squaw Valley Rd	McCloud	96057	41.2507403985123	-122.135983407497	4.0	69",
"712	Six Rivers Brewery	Pubs	1300 Central Ave	McKinleyville	95519	40.9289337694645	-124.100931510329	3.5	486",
"713	Skyland Ale Works	Breweries	1869 Pomona Rd	Corona	92880	33.883214	-117.601964	4.5	107",
"714	Sliver Pizzeria	Pizza	2468 Telegraph Ave	Berkeley	94704	37.8656	-122.25882	4.0	1310",
"715	SLO Brew	Music Venues	736 Higuera St	San Luis Obispo	93401	35.27948	-120.66417	3.5	382",
"716	SLO Brew Rock	Breweries	855 Aerovista Pl	San Luis Obispo	93401	35.2417147511834	-120.641287738623	4.0	136",
"717	Smog City Brewing	Breweries	1901 Del Amo Blvd	Torrance	90501	33.8472145108568	-118.313535228602	4.5	424",
"718	Phantom Carriage Brewery	Breweries	18525 S Main St	Carson	90248	33.861801840497	-118.27620951987	4.5	562",
"719	Rincon Brewery	Breweries	5065 Carpinteria Ave	Carpinteria	93013	34.3983	-119.51799	4.0	348",
"720	Smoking Cannon Brewery	Breweries	780 Main St	Ramona	92065	33.0435262	-116.8650199	4.5	38",
"721	Snowshoe Brewing Company	Breweries	2050 Hwy 4	Arnold	95223	38.24226	-120.36195	3.0	302",
"722	Social Kitchen & Brewery	Breweries	1326 9th Ave	San Francisco	94122	37.76349	-122.46594	3.5	926",
"723	Societe Brewing Company	Breweries	8262 Clairemont Mesa Blvd	San Diego	92111	32.833889	-117.146375	4.0	602",
"724	Mumford Brewing	Breweries	416 Boyd St	Los Angeles	90013	34.0462976495746	-118.242166265845	4.5	262",
"725	Solid Ground Brewing	Breweries	552 Pleasant Valley Rd	Diamond Springs	95619	38.69403	-120.81472	4.0	128",
"726	Solorio Brewing Company	Breweries	9395 Feron Blvd	Rancho Cucamonga	91730	34.092641	-117.600269416929	4.5	50",
"727	Solvang Brewing Company	Breweries	1547 Mission Dr	Solvang	93463	34.5963	-120.14357	3.5	1226",
"728	Solvang Brewing Company	Breweries	234 North H St	Lompoc	93436	34.6419601457934	-120.457655710253	3.5	268",
"729	Sonoma Grille	Seafood	165 W Napa St	Sonoma	95476	38.2918663024902	-122.460525512695	4.0	267",
"730	Sonoma Springs Brewing Company	Breweries	19449 Riverside Dr	Sonoma	95476	38.2951213	-122.4771635	4.0	44",
"731	Sons of Liberty Aleworks	Breweries	1780 Town & Country Dr	Norco	92860	33.9277989839306	-117.559848525533	4.5	121",
"732	Half Moon Bay Brewing Company	Seafood	390 Capistrano Rd	Half Moon Bay	94019	37.50395658711	-122.4855427298	3.5	1752",
"733	South Gate Brewing Company	American (Traditional)	40233 Enterprise Dr	Oakhurst	93644	37.3331104	-119.660292	4.0	982",
"734	South Lake Brewing	Breweries	1920 Lake Tahoe Blvd	South Lake Tahoe	96150	38.91183	-120.00745	4.5	130",
"735	South of North Brewing	Breweries	932 Stateline Ave	South Lake Tahoe	96150	38.96049	-119.94443	4.5	55",
"736	South Park Brewing Company	Breweries	1517 30th St	San Diego	92102	32.7216301	-117.1299362	4.0	215",
"737	Southern Pacific Brewing	Breweries	620 Treat Ave	San Francisco	94110	37.760103	-122.414232	3.0	1265",
"738	Southpaw BBQ	Barbeque	2170 Mission St	San Francisco	94110	37.76231	-122.41969	3.5	569",
"739	Speakeasy Ales & Lagers	Breweries	1195 Evans Ave	San Francisco	94124	37.7380942813543	-122.380521448905	4.5	402",
"740	SR76 Beerworks	Breweries	777 Harrah's Rincon Way	Valley Center	92082	33.266636	-116.955951	4.5	35",
"741	St Clair Brown Winery & Brewery	Breweries	816 Vallejo St	Napa	94559	38.305044	-122.28614	4.5	192",
"742	St Florian's Brewery	Breweries	7704 A Bell Rd	Windsor	95492	38.5369201	-122.8035279	4.0	30",
"743	Stadium Brew	Brewpubs	26731 Aliso Creek Rd	Aliso Viejo	92656	33.575463	-117.72603	3.5	743",
"744	Stadium Pizza	Pizza	32278 Clinton Keith Rd	Wildomar	92595	33.591391	-117.2495205	3.5	217",
"745	Stadium Pizza	Pizza	169 N Main St	Lake Elsinore	92530	33.6694161357736	-117.327309909445	4.0	221",
"746	Standard Deviant Brewing	Breweries	280 14th St	San Francisco	94103	37.76849	-122.41949	4.5	128",
"747	Dust Bowl Brewery Taproom	Breweries	3000 Fulkerth Rd	Turlock	95380	37.5067379121127	-120.882762559525	3.5	648",
"748	Star B Ranch	Meat Shops	28428 Hwy 78	Ramona	92065	33.081589	-116.71664	5.0	8",
"749	State Room	Breweries	1132 4th St	San Rafael	94901	37.9733898881828	-122.529000118375	4.0	385",
"750	Stateline Brewery & Restaurant	American (Traditional)	4118 Lake Tahoe Blvd	South Lake Tahoe	96150	38.95789	-119.94247	3.5	1071",
"751	Craft House	American (New)	34094 Pacific Coast Hwy	Dana Point	92629	33.4657361358404	-117.706128135324	4.0	420",
"752	Steady Brew Beer	Breweries	2936 Clark Ave	Long Beach	90815	33.8097	-118.133515	4.0	44",
"753	Steel Bonnet Brewing Company	Breweries	20 Victor Sq	Scotts Valley	95066	37.0616627016285	-122.006144709885	4.5	61",
"754	Steele & Hops	Pizza	1901 Mendocino Ave	Santa Rosa	95401	38.459197	-122.717628	4.0	282",
"755	Steelhead Brewing Company	Breweries	333 California Dr	Burlingame	94010	37.580024228785	-122.346282870269	3.0	753",
"756	Stereo Brewing	Breweries	950 S Via Rodeo	Placentia	92870	33.863208770752	-117.819496154785	4.5	121",
"757	Belching Beaver Pub980	Breweries	980 Park Center Dr	Vista	92081	33.1449653992113	-117.22874231176	4.5	423",
"758	Stone Brewing - Napa	Breweries	920-930 3rd St	Napa	94559	38.298787	-122.282856	4.0	207",
"759	Stone Brewing World Bistro & Gardens - Liberty Station	American (New)	2816 Historic Decatur Rd	San Diego	92106	32.740505	-117.211664	3.5	2019",
"760	Stone Church Brewing	Breweries	2785 Cabot Dr	Corona	92883	33.812248	-117.507637	4.5	127",
"761	Stone Church Brewing	Breweries	28636 Old Town Front St	Temecula	92590	33.49394	-117.14901	4.0	14",
"762	Strand Brewing	Breweries	2201 Dominguez St	Torrance	90501	33.8411248	-118.3210751	4.5	177",
"763	Strike Brewing	Breweries	2099 S 10th St	San Jose	95112	37.3106404	-121.8577563	4.5	118",
"764	Strum Brewing Co.	Breweries	235 S Campus Ave	Ontario	91761	34.0612105728325	-117.641192860901	4.5	64",
"765	Stumblefoot Brewing Company	Breweries	1784 La Costa Meadows Dr	San Marcos	92078	33.1047168186771	-117.219229069311	4.0	108",
"766	Stumptown Brewery	Pubs	15045 River Rd	Guerneville	95446	38.5137082683395	-122.98360901705	3.5	291",
"767	Oggi's Sports I Brewhouse I Pizza	Breweries	19201-D Bear Valley Rd	Apple Valley	92308	34.470336	-117.244969	4.0	313",
"768	Three Mile Brewing	Breweries	231 G St	Davis	95616	38.544654	-121.739371	4.5	90",
"769	MacLeod Ale Brewing	Breweries	14741 Calvert St	Van Nuys	91411	34.18194	-118.45458	4.5	381",
"770	Sunset Reservoir Brewing Company	American (Traditional)	1735 Noriega St	San Francisco	94122	37.7538401497706	-122.482464055415	3.5	597",
"771	Super Owl Brewing	Breweries	1260 Lake Blvd	Davis	95616	38.553362779884	-121.787083831269	4.5	39",
"772	Solidarity Restaurant	Polish	1414 Lincoln Blvd	Santa Monica	90401	34.01893	-118.49126	4.0	652",
"773	Sutter Buttes Brewing	Pubs	421 Center St	Yuba City	95991	39.137336	-121.615113	4.0	363",
"774	Ausiello's 5th Street Grill	Sports Bars	609 5th St	Santa Rosa	95404	38.4413263	-122.7142797	4.0	199",
"775	Jupiter	Pizza	2181 Shattuck Ave	Berkeley	94704	37.869817	-122.267597	4.0	3065",
"776	Tahoe Mountain Brewing	Breweries	10990 Industrial Way	Truckee	96161	39.3384156	-120.1800942	4.0	37",
"777	Tannery Bend Beerworks	Breweries	101 S Coombs St	Napa	94559	38.284955	-122.287327	4.5	56",
"778	Tap & Vine	American (New)	907 Lincoln Way	Auburn	95603	38.8996183924432	-121.069492689493	4.0	272",
"779	Tap It Brewing	Breweries	675 Clarion Ct	San Luis Obispo	93401	35.24409	-120.64595	4.5	100",
"780	Taplands	Brewpubs	1171 Homestead Rd	Santa Clara	95050	37.3478212448714	-121.94656659926	4.5	208",
"781	TAPS Brewery & Barrel Room	Breweries	15501 Red Hill Ave	Tustin	92780	33.7167483	-117.8323383	4.5	129",
"782	TAPS Fish House & Brewery	Seafood	101 E Imperial Hwy	Brea	92821	33.91675	-117.89975	4.0	2279",
"783	TAPS Fish House & Brewery	Seafood	2745 Lakeshore Dr	Corona	92883	33.81416	-117.508426	4.0	1164",
"784	Tecopa Brewing Company	Barbeque	420 Tecopa Hot Springs Rd	Tecopa	92389	35.8720477	-116.2324746	4.0	25",
"785	Telco Brewery	Breweries	27825 Fremont Ct	Santa Clarita	91355	34.433408	-118.57768	5.0	20",
"786	Telegraph Brewing Company	Breweries	418 N Salsipuedes St	Santa Barbara	93103	34.422903	-119.687689	4.0	132",
"787	Temblor Brewing Company	Breweries	3200 Buck Owens Blvd	Bakersfield	93308	35.38877	-119.04222	4.0	536",
"788	AleSmith Brewing Company	Breweries	9990 AleSmith Ct	San Diego	92126	32.8873241	-117.1493986	4.5	410",
"789	Temescal Brewing	Beer Gardens	4115 Telegraph Ave	Oakland	94609	37.8303327266535	-122.264366671443	4.0	200",
"790	Temescal Brewing	Beer Gardens	4115 Telegraph Ave	Oakland	94609	37.8303327266535	-122.264366671443	4.0	200",
"791	Ten Mile Brewing	Breweries	1136 E Willow St	Signal Hill	90755	33.8041651	-118.1778528	4.5	179",
"792	Tent City Beer Company	Breweries	6760 El Camino Real	Atascadero	93422	35.4876099	-120.6677399	4.5	76",
"793	The Bell Marker Brewery	Breweries	602 Broadway	San Diego	92101	32.71595	-117.15895	4.0	121",
"794	The Public House By Evans Brewing Company	Breweries	138 W Commonwealth Ave	Fullerton	92832	33.8703050343583	-117.925987746106	4.0	420",
"795	Lost Coast Brewery and Cafe	Pubs	617 4th St	Eureka	95501	40.8032893961018	-124.164679564438	3.5	913",
"796	The Brewhouse	American (Traditional)	229 W Montecto St	Santa Barbara	93101	34.4120021994203	-119.695985275651	3.5	654",
"797	The Brewing Lair	Breweries	67007 Ca Hwy 70	Blairsden	96103	39.781127	-120.613712	4.5	97",
"798	The Cruisery	Brewpubs	501 State St	Santa barbara	93101	34.416630001909	-119.695970155299	4.5	67",
"799	The Dancing Fox Winery & Brewery	Wineries	203 S School St	Lodi	95240	38.13143	-121.27419	3.5	652",
"800	Karl Strauss Brewing Company	Breweries	1044 Wall St	La Jolla	92037	32.8471024	-117.2735865	4.0	818",
"801	The Good Beer Company	Breweries	309 W 4th St	Santa Ana	92701	33.74828	-117.87014	4.0	129",
"802	The Good Hop Bar & Bottle Shop	Beer"," Wine & Spirits	2421 Telegraph Ave	Oakland	94612	37.8136082621302	-122.268693905867	4.5	119"
"803	The Mason Jar Brewing Company	Breweries	29683 New Hub Dr	Menifee	92586	33.6893469	-117.1772976	4.5	153",
"804	Modern Times Flavordome	Breweries	3000 Upas St	San Diego	92104	32.7413902282715	-117.129783630371	4.0	389",
"805	The Rare Barrel	Brewpubs	940 Parker St	Berkeley	94710	37.857837158981	-122.29150892813	4.5	309",
"806	The Runway By Patrick	American (New)	2044 Airport Rd	Napa	94558	38.21709	-122.27291	4.0	99",
"807	Thin Line Brewing Company	Breweries	11354 White Rock Rd	Rancho Cordova	95742	38.59013	-121.25906	4.5	44",
"808	Third Street AleWorks BrewPub	Breweries	610 3rd St	Santa Rosa	95404	38.4398307800293	-122.712478637695	3.5	616",
"809	Third Window Brewing	Breweries	406 E Haley St	Santa Barbara	93101	34.4210815429688	-119.690475463867	4.5	115",
"810	Thirsty Bear Brewing Company	Spanish	661 Howard St	San Francisco	94105	37.78539	-122.39953	3.5	1892",
"811	Thompson Brewing	American (Traditional)	9900 Indiana Ave	Riverside	92503	33.90912	-117.44937	4.5	153",
"812	Thorn Brewing Co. Barrio Logan	Breweries	1745 National Ave	San Diego	92113	32.70217	-117.14773	4.5	46",
"813	Thorn St Brewery	Breweries	3176 Thorn St	San Diego	92104	32.73935	-117.125484	4.5	351",
"814	Thr3e Punk Ales Brewing Co	Breweries	259 3rd Ave	Chula Vista	91910	32.64281	-117.08014	4.5	68",
"815	Three Forks Bakery & Brewing	Bakeries	211 Commercial St	Nevada City	95959	39.262928	-121.017966	4.0	379",
"816	Three Mile Brewing	Breweries	231 G St	Davis	95616	38.544654	-121.739371	4.5	90",
"817	BJ Restaurant & Brewhouse	American (New)	715 E Shaw Ave	Fresno	93710	36.808009	-119.774544	3.0	482",
"818	Three Rivers Brewing Co	Brewpubs	41763 Sierra Dr	Three Rivers	93271	36.4400820547907	-118.904647176447	4.5	40",
"819	BarrelHouse Brewing Co	Breweries	3055 Limestone Way	Paso Robles	93446	35.5761140843024	-120.691105030689	4.5	324",
"820	Three Weavers Brewing Co	Breweries	1031 W Manchester Blvd	Inglewood	90301	33.9615419494809	-118.374757488917	4.5	346",
"821	Thunderhawk Alements	Breweries	8675 Miralani Dr	San Diego	92126	32.895126	-117.136671	4.5	55",
"822	Tilted Mash Brewing	Breweries	9175 Union Park Way	Elk Grove	95624	38.3891154	-121.3606571	4.5	112",
"823	Timeless Pints	Breweries	3671 Industry Ave	Lakewood	90712	33.8237257	-118.1655833	4.5	242",
"824	Tioga-Sequoia Brewing Co	Breweries	745 Fulton St	Fresno	93721	36.7316248625957	-119.788088837025	4.5	144",
"825	Tirebiter Brewery	Breweries	2502 S Figueroa St	Los Angeles	90007	34.02867	-118.275049	5.0	7",
"826	Topa Topa Brewing Company	Beer Gardens	104 E Thompson Blvd	Ventura	93001	34.2779579162598	-119.299049377441	4.5	181",
"827	Toro Creek Brewing Company	Breweries	1111 Riverside Ave	Paso Robles	93446	35.626578	-120.687233	4.5	29",
"828	Tortugo Brewing	Breweries	916 W Hyde Park Blvd	Inglewood	90302	33.966445	-118.36843	5.0	39",
"829	Tower Brewing	Brewpubs	1210 66th St	Sacramento	95819	38.5547889576057	-121.426764678574	4.5	144",
"830	Towne Park Brew	Breweries	1566 W Lincoln Ave	Anaheim	92801	33.8321910878591	-117.936659915344	4.5	152",
"831	Toy Soldier	American (New)	52 Belden Pl	San Francisco	94104	37.79142	-122.40365	4.0	133",
"832	Fountainhead Brewing Company	Breweries	4621 24th St	Sacramento	95822	38.5335119205448	-121.482852101326	4.5	63",
"833	Track 7 Brewing	Breweries	826 Professor Ave	Sacramento	95834	38.6545416	-121.4909579	4.5	576",
"834	Trade Brewing	Breweries	731 1st St	Napa	94559	38.30039	-122.28226	4.5	52",
"835	Beachwood Brewing & BBQ	Barbeque	210 E 3rd St	Long Beach	90802	33.770015590062	-118.19099726238	4.0	1409",
"836	Trader Joe's	Grocery	604 W Huntington Dr	Monrovia	91016	34.1381785382553	-118.012272089469	4.5	188",
"837	Lagunitas Brewing Company	Breweries	1280 N McDowell Blvd	Petaluma	94954	38.27242	-122.66237	4.5	1877",
"838	ABC Auto Care	Auto Repair	4745 Market St	Ventura	93003	34.2577863	-119.2283022	4.0	41",
"839	Transplants Brewing Company	Breweries	40242 La Quinta Ln	Palmdale	93551	34.6144194	-118.1396529	4.5	128",
"840	Jupiter	Pizza	2181 Shattuck Ave	Berkeley	94704	37.869817	-122.267597	4.0	3065",
"841	Triple Voodoo Brewery & Tap Room	Breweries	2245 3rd St	San Francisco	94107	37.7611701723497	-122.3883919409	4.0	221",
"842	Truckee Brewing Company	Breweries	10736 Pioneer Trl	Truckee	96161	39.33655	-120.18115	4.5	28",
"843	True Symmetry Brewing Company	Breweries	315 Marina Ctr	Suisun City	94585	38.2432297710323	-122.034397392779	4.5	55",
"844	Trumer Pils Brauerei	Breweries	1404 4th St	Berkeley	94710	37.8767395019531	-122.303436279297	4.5	45",
"845	Trustworthy Brewing	Breweries	156 W Verdugo Ave	Burbank	91502	34.1737442016602	-118.310363769531	4.0	82",
"846	Tustin Brewing	Breweries	13011 Newport Ave	Tustin	92780	33.749849	-117.811507	3.5	568",
"847	Monkish Brewing	Breweries	20311 S Western Ave	Torrance	90501	33.8463036683013	-118.310320500073	4.5	591",
"848	O'Meara Bros Brewing Company	Brewpubs	901 Bevins St	Lakeport	95453	39.0351867367536	-122.924638154849	4.0	177",
"849	Social Kitchen & Brewery	Breweries	1326 9th Ave	San Francisco	94122	37.76349	-122.46594	3.5	926",
"850	Ukiah Brewing Company & Restaurant	Breweries	102 S State St	Ukiah	95482	39.14979	-123.20786	4.0	237",
"851	Uncommon Brewers	Breweries	303 Potrero St	Santa Cruz	95060	36.9819333898762	-122.03100200423	4.5	16",
"852	Unsung Brewing Company	Breweries	500 S Anaheim Blvd	Anaheim	92805	33.8309572850531	-117.912082617532	4.5	231",
"853	Unsung Brewing Company	Breweries	500 S Anaheim Blvd	Anaheim	92805	33.8309572850531	-117.912082617532	4.5	231",
"854	Uproar Brewing Company	Breweries	439 S 1st St	San Jose	95113	37.32927	-121.88587	4.0	269",
"855	Urban Roots Brewing & Smokehouse	Breweries	1322 V St	Sacramento	95818	38.56543	-121.49406	4.0	394",
"856	Urge Gastropub & Common House	Gastropubs	255 Redel Rd	San Marcos	92078	33.13549	-117.15897	3.5	568",
"857	Valley Brewing	Breweries	157 W Adams St	Stockton	95204	37.97271	-121.30047	3.0	318",
"858	Venice Ale House	American (New)	2 Rose Ave	Venice	90291	33.99464	-118.480227	3.5	902",
"859	Firestone Walker Brewing Company - The Propagator	Brewpubs	3205 Washington Blvd	Marina Del Rey	90292	33.98972	-118.44861	4.0	584",
"860	Ventura Coast Brewing	Breweries	76 South Oak St	Ventura	93001	34.27974	-119.29426	4.5	111",
"861	Viewpoint Brewing	American (New)	2201 San Dieguito Dr	Del Mar	92014	32.9700036	-117.261944	4.0	417",
"862	Waganupa Brewing	Breweries	289 Clifford Dr	Lake Almanor	96020	40.2897789	-121.1325316	4.5	9",
"863	Waterman Brewing Company	Breweries	9824 Dino Dr	Elk Grove	95624	38.4006169447277	-121.357284151018	4.0	45",
"864	Wavelength Brewing Company	Breweries	236 Main St	Vista	92084	33.2027092	-117.2416763	4.5	161",
"865	Westlane Brewing	Breweries	207 E H St	Tehachapi	93561	35.1327046575101	-118.44464790076	3.5	3",
"866	White Labs Tasting Room	Breweries	9495 Candida St	San Diego	92126	32.89584	-117.12143	4.5	184",
"867	Progress Brewing	Breweries	1822 Chico Ave	South El Monte	91733	34.049919	-118.059805	4.5	317",
"868	Whole Foods Market	Grocery	777 The Alameda	San Jose	95126	37.3319653	-121.9045331	4.0	404",
"869	Wiens Brewing Company	Breweries	27941 Diaz Rd	Temecula	92590	33.505205	-117.160015	4.0	119",
"870	Wild Barrel Brewing	Breweries	692 Rancheros Dr	San Marcos	92069	33.14015	-117.14575	4.5	158",
"871	Wildcard Brewing Company	Breweries	9565 Crossroads Dr	Redding	96003	40.565865	-122.297279	4.5	46",
"872	Wingwalker Brewing	Breweries	235 W Maple Ave	Monrovia	91016	34.14178	-118.00453	5.0	14",
"873	Wolf Creek Brewery	Breweries	25108 Rye Canyon Lp	Valencia	91355	34.458827	-118.579888	4.5	93",
"874	Merchant's Saloon	Dive Bars	401 2nd St	Oakland	94607	37.7955818921328	-122.275320142508	4.0	218",
"875	Woodfour	Breweries	6780 Depot St	Sebastopol	95472	38.40332	-122.82129	3.5	317",
"876	Woods Bar & Brewery	Bars	1701 Telegraph Ave	Oakland	94612	37.8067476662545	-122.270529806453	4.0	174",
"877	Woods Bar & Brewery	Bars	1701 Telegraph Ave	Oakland	94612	37.8067476662545	-122.270529806453	4.0	174",
"878	Woods CervecerÃ­a	Bars	3801 18th St	San Francisco	94114	37.76108	-122.42852	4.0	195",
"879	Woody's Brewing	American (New)	1257 Oregon St	Redding	96001	40.58591	-122.39506	4.0	451",
"880	Working Man Brewing Company	Breweries	5542 Brisa St	Livermore	94550	37.697526	-121.725189	4.5	57",
"881	Ximix Craft Exploration	Breweries	13723 1/2 Harvard Pl	Gardena	90249	33.9062399	-118.30778	5.0	22",
"882	Yeast of Eden	Tapas/Small Plates	Ocean Avenue & Mission Street	Carmel-by-the-Sea	93921	36.554046855334	-121.920545954708	4.0	131",
"883	Yeti Restaurant	Indian	190 Farmers Ln	Santa Rosa	95405	38.45047	-122.68757	4.0	186",
"884	YOLO Brewing Company	Breweries	1520 Terminal St	West Sacramento	95691	38.56935	-121.54183	4.0	153",
"885	Strand Brewing	Breweries	2201 Dominguez St	Torrance	90501	33.8411248	-118.3210751	4.5	177",
"886	Zack's Brewing Company	Breweries	712 Fulton St	Fresno	93721	36.7314294	-119.7867991	4.5	27",
"887	Zone 9 Brewing Company	Breweries	1450 Tollhouse Rd	Clovis	93611	36.82721	-119.68905	5.0	31",
"888	Zymurgy Brew Works & Tasting Room	Breweries	22755 Hawthorne Blvd	Torrance	90505	33.8208077228044	-118.352160484436	5.0	71",
